{"relaxation":{"status":"Optimal","objval":56.58450037605827,"solution":[56.58450037605827,0.0,0.0,0.0,0.0,1.966815970476614e-8,1.9668159772083368e-8,1.966815998579047e-8,4.993522153878675e-10,2.8038062500108726e-9,2.803806183517718e-9,2.803806090168344e-9,9.802881604194641e-10,9.566815623249336e-10,9.566813441468576e-10,9.566811437017995e-10,0.0,0.4473686640869562,0.41783439084072094,0.4096185014435603,0.4251783765050753,9.065069970598874e-9,9.065069949760034e-9,9.065068822358476e-9,7.888937973825349e-9,0.0,0.0,0.0,0.0,0.0,0.0,0.0,4.6374906717190166e-10,0.0,0.0,0.0,0.0,0.36831308701267623,0.3801379634146255,0.26360616110455787,0.20794187081155005,4.9597472706126286e-8,4.95974665050387e-8,4.9597471321381226e-8,0.0,7.3637056972446914e-9,7.3637048539640075e-9,7.363704801659252e-9,1.340940062540822e-9,5.5763339241981246e-8,5.576332273900397e-8,5.576332187938385e-8,3.4949142992188644e-9,0.06317516427951085,0.055945681441605215,0.05829947486266516,0.07257999456427966,7.569935087781303e-8,7.569933987022542e-8,7.569934880674027e-8,7.569938040393382e-8,1.0494931751597216e-8,6.832695619812647e-9,5.463461543617102e-9,6.3642036052690895e-9,0.0,0.0,0.0,0.0,0.0,0.0,0.0,0.0,0.0,0.0,0.0,0.0,0.3969312961992498,0.40718888154676636,0.4411061639574645,0.5547739954018298,0.0,0.0,0.0,0.0,3.5454236527748744e-9,3.5454237500428785e-9,3.545423836090235e-9,4.373544174352584e-10,0.0,0.0,0.0,0.0,0.3007811339402035,0.2997216760906074,0.31149331454024387,0.38800369393021683,4.314525870432721e-8,4.3145260112875786e-8,4.314526231242336e-8,4.314526901576032e-8,0.0,0.0,0.0,0.0,1.4763727352510841e-8,1.4763729180675182e-8,1.476373147541291e-8,0.0,1.2277284675263746e-9,1.2277287889995729e-9,1.227729169001419e-9,0.0,0.0,0.0,0.0,0.0,0.03858747753022725,0.04243815951658752,0.048946816351738226,0.07002767147051064,0.7000000044315201,0.7000000082090204,0.700000012666112,0.7000000253947708,0.799999994404429,0.7999999865209789,0.7999999723693231,0.6257880879481366,0.6999999980092831,0.6999999951655804,0.6999999900389245,0.3583408297839032,0.69999999216211,0.6999999815284531,0.6999999634622663,0.7057403160569248,2.2637223514553918e-8,2.947546010563748e-8,2.67460493430255e-8,4.076856086794821e-8,0.8999999522130702,0.899999884887348,0.8999997640303005,0.665262225376286,0.7999999912847137,0.7999999788350877,0.7999999563907757,0.4377589338830575,0.39999982387258703,0.3999995849207429,0.399999178950422,0.7410246300361443,1.452631315604119,1.134796904608212,1.4251783830805056,2.0,1.4316869179593399,1.8515489595167305,1.8879428033841903,1.6800009343402516,0.23682464727921212,0.18087877253375084,0.12257910249785088,0.049999024270806186,1.4030688072078268,0.9958800327303688,0.5547739772114533,0.0,0.9992188233779193,0.6994971055522968,0.3880037496603024,5.617144351750595e-9,0.1614125583816526,0.11897443487670097,0.07002765458241932,0.0,0.9713249506031675,0.9748266872725979,1.5642379664155643,2.0,1.5238319795867628,1.5535971029093423,1.817256363167714,2.0,2.92753743651014e-9,2.8674157606380935e-9,2.8398929781046106e-9,2.8583568569357972e-9,1.479345275083699e-8,1.4793452814672627e-8,1.4793453017042713e-8,0.0,0.0,0.0,0.0,0.0,0.0,0.0,0.0,0.0,0.44736866068143893,0.41783438743520374,0.4096184980380431,0.4251783730995581,5.750633978501345e-8,5.750633971708788e-8,5.7506338872807955e-8,5.683942188572542e-8,0.0,0.0,0.0,0.0,0.0,0.0,0.0,0.0,0.0,0.0,0.0,0.0,0.368313327602809,0.38013820400474674,0.2636064016948058,0.20794211140188257,5.979102935123621e-8,5.979102361839869e-8,5.979102802414942e-8,2.0174913549198212e-8,1.0647977498491219e-8,1.0647976902423432e-8,1.0647976862647566e-8,6.8653459101091695e-9,6.416071340751112e-8,6.416069785993057e-8,6.416069704786665e-8,2.1331887792918046e-8,0.06317516391760201,0.05594568107969657,0.05829947450075645,0.07257999420237062,6.950493203428442e-8,6.950492105185921e-8,6.950492996794595e-8,6.950496149291105e-8,8.467677909506572e-9,5.518135004778029e-9,4.50302426011383e-9,5.164503851197589e-9,9.035830053627649e-9,9.03583005281799e-9,9.035830048113813e-9,9.110017131379425e-9,2.096584844990859e-8,2.096584840855058e-8,2.0965848336226666e-8,2.2750243971890855e-8,0.0,0.0,0.0,0.0,0.3969313175230315,0.40718890287054776,0.44110618528124484,0.5547740167256056,3.494131682079611e-8,3.4485867140752506e-8,3.430430166089542e-8,3.4424432111281875e-8,0.14424774069403698,0.14381443535707514,0.14226102504401963,0.1352306768385916,0.0,0.0,0.0,0.0,0.3007811552639884,0.29972169741439236,0.3114933358640285,0.38800371525399935,4.483848055347938e-8,4.4838481900770496e-8,4.483848400466025e-8,4.483849041647067e-8,0.0,0.0,0.0,0.0,2.7061250795796e-8,2.706125212761584e-8,2.7061253775112125e-8,1.7450761218021366e-8,2.4037179665988568e-8,2.4037179834164802e-8,2.4037180018699463e-8,2.310281417421285e-8,0.0,0.0,0.0,0.0,0.03858747208641588,0.042438154072776096,0.04894681090792674,0.07002766602669903],"nrestarts":0,"time":1.1213409900665283},"fpump":{"rounds":1.0,"obj":26.3490059631052,"gap":1.147500382188606,"time":1.500727891921997},"tree":{"children":[{"step_obj":{"node":{"best_bound":55.060001026179684,"state":"Branch","relaxation_state":"Optimal"}},"hash":"11958016405872964714"},{"children":[{"step_obj":{"node":{"best_bound":55.185492036898474,"state":"Branch","relaxation_state":"Optimal"}},"hash":"505861541373863137"},{"step_obj":{"node":{"best_bound":54.91793690507926,"state":"Branch","relaxation_state":"Optimal"}},"hash":"18012954256922741057"}],"step_obj":{"state":"Normal","gain_gap":0.4972068544442142,"nrestarts":0,"strong_int_vars":[],"branch_time":1.8093719482421875,"timestamp":26.166805028915405,"upd_gains_time":3.2901763916015625e-5,"node_idx_time":8.893013000488281e-5,"var_idx":239,"counter":2,"upd_gains":"None","node":{"best_bound":55.18564205777276,"level":2,"state":"Done","relaxation_state":"Optimal","var_idx":239},"idx_time":8.702278137207031e-5},"hash":"6761162967905778036"}],"step_obj":{"state":"Normal","gain_gap":0.0,"nrestarts":5,"strong_int_vars":[17,18,19,20,37,38,39,40,53,54,55,56,77,78,79,80,85,86,87,88,93,94,95,96],"branch_time":0.0,"timestamp":24.357156991958618,"upd_gains_time":0.0,"node_idx_time":24.357020139694214,"var_idx":281,"obj_gain":{"minus_counter":[0,0,0,0,0,0,0,0,0,0,0,0,0,0,0,0,1,1,1,1,0,0,0,0,0,0,0,0,0,0,0,0,0,0,0,0,1,1,1,1,0,0,0,0,0,0,0,0,0,0,0,0,1,1,1,1,0,0,0,0,0,0,0,0,0,0,0,0,0,0,0,0,0,0,0,0,1,1,1,1,0,0,0,0,1,1,1,1,0,0,0,0,1,1,1,1,0,0,0,0,0,0,0,0,0,0,0,0,0,0,0,0,0,0,0,0,0,0,0,0],"minus":[0.0,0.0,0.0,0.0,0.0,0.0,0.0,0.0,0.0,0.0,0.0,0.0,0.0,0.0,0.0,0.0,1.2237901733719223e-6,0.34140169188445163,0.7399999951659227,0.8685713436637617,0.0,0.0,0.0,0.0,0.0,0.0,0.0,0.0,0.0,0.0,0.0,0.0,0.0,0.0,0.0,0.0,2.341610190308795e-9,2.2650310721403125e-9,3.377117993125963e-9,4.6850752563402685e-9,0.0,0.0,0.0,0.0,0.0,0.0,0.0,0.0,0.0,0.0,0.0,0.0,7.671624612952256e-8,1.3674393021427224e-9,1.2894447451223532e-9,2.184370305472849e-8,0.0,0.0,0.0,0.0,0.0,0.0,0.0,0.0,0.0,0.0,0.0,0.0,0.0,0.0,0.0,0.0,0.0,0.0,0.0,0.0,1.224740379358032e-9,1.1922997657068742e-9,1.041619433858109e-9,0.2633627513563548,0.0,0.0,0.0,0.0,6.093743453483122e-10,6.109793262501404e-10,6.062527173464476e-10,5.703469651833083e-10,0.0,0.0,0.0,0.0,0.0918272732410696,0.05073694173541198,0.1616190888966322,0.29484196086222425,0.0,0.0,0.0,0.0,0.0,0.0,0.0,0.0,0.0,0.0,0.0,0.0,0.0,0.0,0.0,0.0,0.0,0.0,0.0,0.0,0.0,0.0,0.0,0.0],