{"relaxation":{"status":"Optimal","objval":7134.214567807259,"solution":[7134.214567807259,0.21683536009372378,0.0,0.0,0.0,0.3048972348921745,0.0,0.0,0.0,0.4782674050328507,1.8440897714612548e-8,1.8600453447229247e-8,0.0,0.0,0.0,0.0,0.22602413379704286,1.7944399991975422e-8,0.21683538276851352,0.25224327776643807,0.0,0.0,0.0,0.30489723904499344,0.0,0.0,0.0,0.0,0.25224327430747506,1.7944399988474274e-8,0.30489725756696423,0.2260241372560056,0.0,0.0,0.0,0.2168353642465429,0.0,1.7285442162432267e-8,0.0,0.0,0.5217326218947419,0.0,0.2522432684649363,5.841768801481451e-9,0.0,0.0,0.22602412795450394,5.841768553128887e-9,0.0,0.0,0.0,0.0,0.0,0.0,0.0,0.0,0.0,0.2592442118665759,0.24075582751893443,0.2592442118704919,0.24075582751893443,0.0,0.0,0.0,0.0,0.2654933205584713,0.2345067188428462,0.2654933205623873,0.2345067188428462,0.0,0.0,0.0,0.0,0.0,0.0,0.0,0.0,0.23450671883991403,0.2654933205614131,0.23450671884383004,0.2654933205614131,0.0,0.0,0.0,0.0,0.24075582751599728,0.25924421186951274,0.24075582751991326,0.25924421186951274,0.0,0.0,0.0,0.0,0.0,0.0,0.0,0.0,0.09529832038687393,0.13133665968303643,0.1984528570951437,0.12957446282191346,0.09548761855502573,0.12711197464428364,0.18956687693078922,0.12592293863146517,0.12119724795976368,0.15395889232858967,0.2522639687002026,0.1512000743374112,0.1071173097520627,0.14661640253606065,0.24062067700832607,0.14550097684973187,38973.87689742678,1.0036180769688343e-8,1.0588691109586278e-8,1.0171094381046856e-8,9466.321910778921,9797.494409449695,9798.937403847893,9911.12317338107,1.6040417621211754e-8,11867.653108903109,11777.630918418065,11431.205180351086,8580.852235473558,8799.809812356996,8816.566429631075,8879.260730226673,1.6040417621281035e-8,235816.76539194674,318744.6625126988,164183.5018101245,149454.50473003037,197466.3227609055,168457.7836745309,203366.31854931926,1.351450900160277e-8,14998.10487764047,0.0008158044026844334,14232.301979673031,7138.255526099985,7355.577383576761,7319.276623769255,7417.298139685417,0.0,0.0,0.0,0.0,0.0,0.0,0.0,0.0,0.0,0.0,0.0,0.0,0.0,0.0,0.0,0.0,0.0,0.0,0.0,0.0,0.0,0.0,0.0,0.0,0.0,0.0,0.0,0.0,0.0,0.0,0.0,0.0,0.0,95.55867638398999,45.169018549128936,234.8494539105844,245.73551417656344,410.6227171012083,495.85286349487114,564.7308010497579,35.169018656605004,228.3494539893963,243.30071227758597,404.12271717994383,493.28766591995293,558.230801128468,639.5646213286919,738.6232979114628,1.335409110977362e-5,1.3354091109126409e-5,1.335409110973093e-5,1.3354091109306864e-5,0.0,343.320959520696,289.16222556298425,388.8205992074484,73.30441958634475,148.67744042070768,310.1665179746518,397.3558530671243,35.16901865203552,378.11906389334814,476.367086171999,416.01167611269886,622.8417571098157,685.0542536020446,460.6375706733337,422.5544803716159,60.0,54.0,1106.5025803156495,45.0,1108.187785334758,1120.0000000025052,187.36954314956068,1289.999999996885,1307.9091822110956,1340.0000000965638,194.259341905883,1159.9999999968707,34.79810437265202,27.191076905250267,536.3768131813367,25.198627304491485,649.5646214487373],"nrestarts":0,"time":1.2409968376159668},"fpump":{"rounds":1.0,"obj":6948.175285341144,"gap":0.02677527189888397,"time":1.6155719757080078},"tree":{"children":[{"children":[{"children":[{"children":[{"children":[{"step_obj":{"node":{"best_bound":7117.992444651894,"state":"Branch","relaxation_state":"Optimal"}},"hash":"2990759701060648662"},{"step_obj":{"node":{"best_bound":7102.019677444122,"state":"Branch","relaxation_state":"Optimal"}},"hash":"13034466515561641298"}],"step_obj":{"state":"Normal","gain_gap":0.0,"nrestarts":0,"strong_int_vars":[],"branch_time":1.530653953552246,"timestamp":17.153650999069214,"upd_gains_time":0.0,"node_idx_time":5.0067901611328125e-6,"var_idx":66,"counter":14,"upd_gains":"None","node":{"best_bound":7117.992445278819,"level":5,"state":"Done","relaxation_state":"Optimal","var_idx":66},"idx_time":4.0531158447265625e-6},"hash":"4925170227366440230"},{"step_obj":{"node":{"best_bound":7102.019686807862,"state":"Branch","relaxation_state":"Optimal"}},"hash":"9091237766615018987"}],"step_obj":{"state":"Normal","gain_gap":0.0,"nrestarts":0,"strong_int_vars":[],"branch_time":1.0781559944152832,"timestamp":10.119853973388672,"upd_gains_time":0.0,"node_idx_time":4.0531158447265625e-6,"var_idx":67,"counter":9,"upd_gains":"None","node":{"best_bound":7134.214567059966,"level":4,"state":"Done","relaxation_state":"Optimal","var_idx":67},"idx_time":2.86102294921875e-6},"hash":"3386357348679841834"},{"step_obj":{"node":{"best_bound":7102.019694192639,"state":"Branch","relaxation_state":"Optimal"}},"hash":"7907137274707814665"}],"step_obj":{"state":"Normal","gain_gap":0.0,"nrestarts":0,"strong_int_vars":[],"branch_time":0.9645781517028809,"timestamp":8.180177927017212,"upd_gains_time":0.0,"node_idx_time":5.0067901611328125e-6,"var_idx":68,"counter":7,"upd_gains":"None","node":{"best_bound":7134.214567512473,"level":3,"state":"Done","relaxation_state":"Optimal","var_idx":68},"idx_time":4.0531158447265625e-6},"hash":"17790448507842154135"},{"children":[{"children":[{"step_obj":{"node":{"best_bound":7117.99244523599,"state":"Branch","relaxation_state":"Optimal"}},"hash":"12672100337958413081"},{"step_obj":{"node":{"best_bound":7102.019761322096,"state":"Branch","relaxation_state":"Optimal"}},"hash":"9806840579347993277"}],"step_obj":{"state":"Normal","gain_gap":0.0,"nrestarts":0,"strong_int_vars":[],"branch_time":0.9785640239715576,"timestamp":12.062472820281982,"upd_gains_time":0.0,"node_idx_time":5.0067901611328125e-6,"var_idx":86,"counter":11,"upd_gains":"None","node":{"best_bound":7134.214567003924,"level":4,"state":"Done","relaxation_state":"Optimal","var_idx":86},"idx_time":5.0067901611328125e-6},"hash":"5687826110122541303"},{"step_obj":{"node":{"best_bound":7102.01976048976,"state":"Branch","relaxation_state":"Optimal"}},"hash":"15942910802198447568"}],"step_obj":{"state":"Normal","gain_gap":0.0,"nrestarts":0,"strong_int_vars":[],"branch_time":0.8714869022369385,"timestamp":6.358283996582031,"upd_gains_time":0.0,"node_idx_time":7.867813110351562e-6,"var_idx":60,"counter":5,"upd_gains":"None","node":{"best_bound":7134.214567980056,"level":3,"state":"Done","relaxation_state":"Optimal","var_idx":60},"idx_time":5.9604644775390625e-6},"hash":"14046903897467227961"}],"step_obj":{"state":"Normal","gain_gap":0.0,"nrestarts":0,"strong_int_vars":[],"branch_time":1.4734928607940674,"timestamp":5.486580848693848,"upd_gains_time":0.0,"node_idx_time":5.0067901611328125e-6,"var_idx":24,"counter":4,"upd_gains":"None","node":{"best_bound":7134.214567673965,"level":2,"state":"Done","relaxation_state":"Optimal","var_idx":24},"idx_time":3.814697265625e-6},"hash":"15674155653224221408"},{"children":[{"children":[{"children":[{"children":[{"step_obj":{"node":{"best_bound":7117.992444750075,"state":"Branch","relaxation_state":"Optimal"}},"hash":"13306063267596904902"},{"step_obj":{"node":{"best_bound":7102.019758728776,"state":"Branch","relaxation_state":"Optimal"}},"hash":"17560378012503585168"}],"step_obj":{"state":"Normal","gain_gap":0.0,"nrestarts":0,"strong_int_vars":[],"branch_time":2.27961802482605,"timestamp":14.34226679801941,"upd_gains_time":0.0,"node_idx_time":5.9604644775390625e-6,"var_idx":66,"counter":12,"upd_gains":"None","node":{"best_bound":7117.992445397501,"level":5,"state":"Done","relaxation_state":"Optimal","var_idx":66},"idx_time":4.0531158447265625e-6},"hash":"15130892208145142745"},{"step_obj":{"node":{"best_bound":7102.019754544132,"state":"Branch","relaxation_state":"Optimal"}},"hash":"4559669667043204772"}],"step_obj":{"state":"Normal","gain_gap":0.0,"nrestarts":0,"strong_int_vars":[],"branch_time":0.8612070083618164,"timestamp":9.041538953781128,"upd_gains_time":0.0,"node_idx_time":5.0067901611328125e-6,"var_idx":67,"counter":8,"upd_gains":"None","node":{"best_bound":7134.21456716194,"level":4,"state":"Done","relaxation_state":"Optimal","var_idx":67},"idx_time":4.0531158447265625e-6},