{"relaxation":{"status":"Optimal","objval":4.464006692664136,"solution":[4.464006692664136,0.22035415202120315,0.15227032108353122,0.1172080693660904,0.18575104374796125,0.11766721564098494,0.08260496858335314,0.101629973264261,0.10479526771486797,0.06461103593054936,0.15557658541596955,0.0687961527139615,0.03333336349788159,0.15004998877690587,0.06277989140204816,0.02771765092602635,0.12785450959809266,0.11139309503674909,9.27125531915618e-12,0.14360731289000658,0.05604162692149962,0.040668683150788205,3.1129428616759364e-10,0.18081440578564198,0.18796040280800458,0.014180600737284091,0.08226433348320596,0.11732657506061013,0.033151161116094396,0.10123489322383365,0.1362971339843039,0.023280321796888184,0.06688117196781834,0.10194341233161171,0.14256518382974467,2.369129251892821e-10,0.13433686173138654,0.05806798938638078,0.048014131194015326,0.0881983547577776,0.10087279994157686,0.04311232062977357,0.08329654307079745,0.09020112269237426,0.0870357707191423,0.12721999229612918,1.2466667034095036,2.480000040323553,2.9466667245545373,3.6933334080032676,24.8733333333333,98.2915400005697,4.080000065533368,61.17835727466709,33.26,24.52,36.9266666666667,70.83716621177663,16.1866666666667,23.52,38.5266666666667,0.0634847790178168,0.095429017608169,0.0845303805802527,0.08292976453668699,0.47827113972533775,4.202922673121481e-9,0.09615196042902076,1.3412518428920603e-8,0.36470086036727106,0.5175202876085592,0.5453168167015681,9.816100909328899e-9,0.32775510307161476,0.5421020374771559,1.2658145181091405,0.3400071002165424,0.304382559639506,0.30694355066008616,-0.8103481202986416,-0.8428073103853929,-0.8804305401527501,0.045765936268145235,0.010141345554232288,0.012702330089467586,0.042405217131533286,0.006780627832948776,0.009341614698095765,0.011488266673271338,0.047112779230377495,0.04455178271160633,0.041591974497339076,0.00020026673007564658,0.0023607121553595933,0.04658898917117361,0.004871890713473758,0.007432880869431323,0.0414827968363267,0.035284261249673037,9.500845112242603e-9,0.05405956746682021,0.03082404383369316,0.028263051168975824,0.0,0.06319750013593359,0.06223066591537539,0.012263760111050084,0.04788830172915346,0.04532731212388694,0.0022501503004552967,0.037874691599467346,0.03531370158573386,0.012241430857394549,0.02338309097145974,0.02082210075938781,0.04228149650993494,0.0,0.03481133410655608,0.05462374495072985,0.018999190224064186,0.021560182632556914,0.0654666022050582,0.02487679994194328,0.027437791789066752,0.08211740130513748,0.0464928599866277,0.04905385140173268,0.1745882157530579,0.14212897552929896,0.10450573927662282,0.14334582661642797,0.11088658780803615,0.07326335388525737,0.09014170659098966,0.05768248848449048,0.02005925321894303,0.11398461091863049,0.06859588598388586,0.030972651342521997,0.10346099960573227,0.05790800068857441,0.020284770056595024,0.08637171276176597,0.07610883378707606,0.0,0.08954774542318639,0.025217583087806455,0.012405631981812378,9.837164151510398e-9,0.11761690564970839,0.1257297368926292,0.0019168406262340077,0.034376031754052495,0.0719992629367232,0.030901010815639098,0.0633602016243663,0.10098343239857005,0.011038890939493637,0.0434980809963586,0.0811213115722239,0.10028368731980973,9.720716144006298e-9,0.09952552762483045,0.003444244435650927,0.029014940969951136,0.06663817212522068,0.03540619773651865,0.01823552068783029,0.0558587512817307,0.00808372138723679,0.0405429107325146,0.0781661408943965,0.06348476998805147,0.06348478238263741,0.06348478391047478,0.09542899836818378,0.09542902096323466,0.09542902294327898,0.08453035989743733,0.08453038342559233,0.08453038616907974,0.05478055740282164,0.08292976685889222,0.08292977081661326,0.3164117978522947,0.4782711415436158,0.4782711461130645,2.7974641704365435e-9,5.4748060375958796e-9,6.291532816758723e-9,0.0635337445503078,0.09615196446997049,0.09615196610461489,1.716246617836371e-8,1.3315313529195708e-8,1.3136028628646954e-8,0.36470086194215173,0.3647008642996198,0.3647008617134997,0.5175202895377503,0.5175202912748358,0.5175202890811798,0.5453168116902881,0.5453168217200486,0.5453168191085029,6.177900018741953e-9,1.4162589831027895e-8,9.652358545501594e-9,0.3277550299069506,0.3277551090812914,0.3277551057416905,0.4969802731159286,0.5421020436742556,0.5421020401296405,1.2658145128326175,1.265814523060737,1.2658145207299003,0.2310989063686224,0.33442908025599616,0.43447201337538155,0.20715590968293016,0.3270192504714778,0.46582483984559203,0.28226678820077855,0.2737411977955459,0.44399201400367555,1.0459377421111611e-7,0.32638319561905044,0.6736166997871753,0.0,0.3062806995362432,0.6937193008946945,0.0,0.0,1.0,1.1667783238319368e-7,0.4205205998611688,0.579479283460999,0.9999999990982127,4.9764709953767e-10,4.041400510062464e-10,0.7732499822312825,0.1332916580687097,0.0934583597000078,0.6366608943477352,0.20848590198894756,0.1548532036633173,0.6343366436728645,0.22080297490292142,0.14486038142421404,0.0,1.0,0.0,0.3487024969894416,0.4217188184668021,0.2295786845437563,0.18867869315885474,0.5346164699418678,0.2767048368992775,0.364247595763158,0.37749470516921574,0.2582576990676263,0.8558780113351819,0.6403276952718515,0.612733061186153,0.857191575725248,0.6405921898467013,0.6132045829688195,0.8578396647642138,0.6411466984459049,0.6145956923342059,0.861101390138088,0.6743621525771808,0.6437597764309337,0.6158703133731561,0.8684316601787475,0.7066825076164526,0.6727014443475601,0.6421099970270041,0.6135482045099409,0.5864046577313211,0.9952590822648703,0.9901948980434259,0.9864231546314086,0.9827905302721105,0.9784972970991892,0.9712037045406438,0.8807498901202965,0.6426948894980484,0.6151531412790655,0.9941836038513358,0.9876182242898678,0.9826827077705624,0.9775358519719933,0.9695528693099907,0.8819642253009561,0.6702911204756976,0.6397665009149484,0.6120341844302395,0.5860729136091903,0.6641915375380465,0.47388710628487196,0.3636654385919404,0.2728739335759794,0.18497358217161308,0.07972143730371069,0.6440499950553799,0.43444361559247724,0.31308131875740564,0.20746969891419834,0.0875552890582188,0.6860046772740597,0.38486935981913595,0.1478149121611502,0.5899125511667673,0.3194018951242095,0.12180108209863075,0.5898998817865574,0.3194108692232004,0.12179950219748584,0.6244579148530339,0.39457361308020283,0.2500678699923721,0.10202098537156214],"nrestarts":0,"time":2.6124930381774902},"fpump":{"rounds":1.0,"obj":12.17862090834871,"gap":0.6334554851277158,"time":1.7791430950164795},"tree":{"children":[{"children":[{"children":[{"children":[{"step_obj":{"node":{"best_bound":5.213666534810718,"state":"Branch","relaxation_state":"Optimal"}},"hash":"18313217789743197533"},{"step_obj":{"node":{"best_bound":4.937931968292933,"state":"Branch","relaxation_state":"Optimal"}},"hash":"3482930046892460219"}],"step_obj":{"state":"Normal","gain_gap":0.0,"nrestarts":0,"strong_int_vars":[],"branch_time":1.3643770217895508,"timestamp":8.570254802703857,"upd_gains_time":0.0,"node_idx_time":5.0067901611328125e-6,"var_idx":258,"counter":6,"upd_gains":"None","node":{"best_bound":4.559972867347284,"level":4,"state":"Done","relaxation_state":"Optimal","var_idx":258},"idx_time":4.0531158447265625e-6},"hash":"1834882967448293004"},{"children":[{"step_obj":{"node":{"best_bound":5.202738546009617,"state":"Branch","relaxation_state":"Optimal"}},"hash":"6951333571732970061"},{"step_obj":{"node":{"best_bound":4.946460940214906,"state":"Branch","relaxation_state":"Optimal"}},"hash":"7757456145602275856"}],"step_obj":{"state":"Normal","gain_gap":0.0,"nrestarts":0,"strong_int_vars":[],"branch_time":1.6016819477081299,"timestamp":7.205708026885986,"upd_gains_time":0.0,"node_idx_time":7.152557373046875e-6,"var_idx":258,"counter":5,"upd_gains":"None","node":{"best_bound":4.558819038668723,"level":4,"state":"Done","relaxation_state":"Optimal","var_idx":258},"idx_time":6.198883056640625e-6},"hash":"15476769144814962445"}],"step_obj":{"state":"Normal","gain_gap":0.0,"nrestarts":0,"strong_int_vars":[],"branch_time":1.405228853225708,"timestamp":4.329025983810425,