{"relaxation":{"status":"Optimal","objval":303.0168464400628,"solution":[303.0168464400628,0.644703816171267,0.8812189013946022,0.16153020167674725,0.21241210102013325,0.8226651412710094,0.25199999012179125,0.2944697784510148,0.0,0.0,0.0,0.0,0.0,0.17066514029366806,0.0,0.0,0.0,0.0,0.0,0.0,0.0,0.0,0.3548840516669605,0.0,0.0,0.0,0.07433483977197976,0.0,0.0,0.5063954091456169,0.581277537505245,0.20974194033335777,0.21851501045710514,0.9875334760937275,0.1694879364576477,0.20196738483788967,0.22992871024758943,0.0011477032964001652,0.0009234052518643157,0.0015754166251601802,0.04700777506619762,0.09891466855029704,0.0015113519862421118,8.658702314152674,5.86433146798557,16.58,14.92,17.964951043740204,12.26,12.894293441264796,16.08,-8.131777232571693,-6.712686720935742,-7.426770113454987,-10.725527523384175,-7.06400927886295,-7.0407251343522175,-10.233181458489604,1.688957823400033,-1.3849512094199476,4.31999995383248,0.4999999946894966,3.0452109418912534,-5.707832210259303,-0.6342935607770189,1.687452949203664,1.5815470507963365,7.932944745655664,217.62386309874506,0.60635358847611,0.6095563380172185,0.6647528550186101,0.5218846755827734,0.529511089629958,0.6503892868191623,0.5356982385458304,0.5425868493532257,0.4471595432710045,0.49999999999960826,0.4999999998638474,0.49999999998776296,0.4903565019137629,0.5232271930453828,0.49999999998826816,0.322351898100602,0.44060944071982383,0.08076509102753168,0.10620604052934378,0.4113325606707727,0.12599998543812072,0.14723487925663628,0.17744201622550437,0.0,0.0,0.0,0.037167410293519575,0.08533256059017189,0.0,0.0,0.0,0.0,0.0,0.32235195799630073,0.0,0.0,0.0,0.0,0.0,0.0,0.44060950059213955,0.0,0.0,2.5996469766473064e-8,0.0,0.0,0.0,0.08076511458601886,0.0,0.0,0.0,0.0,0.0,4.129500930931684e-8,0.10620604916546175,0.0,0.0,0.0,0.0,0.0,4.016225217203279e-8,0.4113325704550823,0.0,0.0,2.4150916327846142e-8,0.0,0.0,0.0,0.1260000101497124,0.0,0.0,0.0,0.0,0.0,4.5390318397254734e-8,0.14723488377182245,0.0,0.0,2.4012698429018506e-8,0.0,0.0,0.0,0.17744204099812216,0.0,0.0,2.977265348053422e-8,0.0,0.0,0.0,9.69665486714396e-9,0.0,0.0,2.8683388780864772e-8,0.0,0.0,0.0,1.0607705897994977e-8,0.0,0.0,3.054255004382185e-8,0.0,0.0,0.0,9.123283995990536e-9,0.0,0.0,2.3866322123088085e-8,0.0,0.0,0.0,0.03716743512480178,0.0,0.0,2.3516207982485748e-8,0.0,0.0,0.0,0.08533258553232681,0.0,0.0,3.044846724313153e-8,0.0,0.0,0.0,9.197648164589238e-9,0.0,0.0],"nrestarts":0,"time":0.8151929378509521},"fpump":{"rounds":1.0,"obj":1044.6495311973817,"gap":0.7099344446239844,"time":1.4506709575653076},"tree":{"children":[{"step_obj":{"node":{"best_bound":393.85890910658935,"state":"Branch","relaxation_state":"Optimal"}},"hash":"12569701599292976499"},{"step_obj":{"node":{"best_bound":465.1311788835525,"state":"Branch","relaxation_state":"Optimal"}},"hash":"16036185242949774815"}],"step_obj":{"state":"Normal","gain_gap":0.0,"nrestarts":0,"strong_int_vars":[1,2,3,4,5,6,7,8,9,10,11,12,13,14,15,16,17,18,19,20,21,22,26],"branch_time":0.0,"timestamp":28.472694873809814,"upd_gains_time":0.0,"node_idx_time":28.47254204750061,"var_idx":86,"obj_gain":{"minus_counter":[1,1,1,1,1,1,1,1,1,1,1,1,1,1,1,1,1,1,1,1,1,1,0,0,0,1,0,0,0,0,0,0,0,0,0,0,0,0,0,0,0,0,0,0,0,0,0,0,0,0,0,0,0,0,0,0,0,0,0,0,0,0,0,0,0,0,0,0,0,0,0,0,0,0,0,0,0,0,0,0,0,0,0,0,0,0,0,0,0,0,0,0,0,0,0,0,0,0,0,0,0,0,0,0,0,0,0,0,0,0,0,0,0,0,0,0,0,0,0,0,0,0,0,0,0,0],"minus":[101.35932881743325,136.6553952758833,7.370545751557063,24.645641329865914,36.03160153989302,53.349133179833395,19.502443372925157,8.520326799144894e-6,7.692391704955869e-6,7.243363031346855e-6,7.582088528764898e-6,7.693927550871658e-6,1.530080472660148,7.599555147131521e-6,191.66699602499526,206.17366372839817,47.626694441363995,122.87567939668884,56.972312457834136,226.81776619377712,71.86998703154471,52.7329908245709,0.0,0.0,0.0,58.763450894322844,0.0,0.0,0.0,0.0,0.0,0.0,0.0,0.0,0.0,0.0,0.0,0.0,0.0,0.0,0.0,0.0,0.0,0.0,0.0,0.0,0.0,0.0,0.0,0.0,0.0,0.0,0.0,0.0,0.0,0.0,0.0,0.0,0.0,0.0,0.0,0.0,0.0,0.0,0.0,0.0,0.0,0.0,0.0,0.0,0.0,0.0,0.0,0.0,0.0,0.0,0.0,0.0,0.0,0.0,0.0,0.0,0.0,0.0,0.0,0.0,0.0,0.0,0.0,0.0,0.0,0.0,0.0,0.0,0.0,0.0,0.0,0.0,0.0,0.0,0.0,0.0,0.0,0.0,0.0,0.0,0.0,0.0,0.0,0.0,0.0,0.0,0.0,0.0,0.0,0.0,0.0,0.0,0.0,0.0,0.0,0.0,0.0,0.0,0.0,0.0],"plus":[9.744802694801773e-6,1.1096867673974072e-5,7.696421418871168e-6,8.045612265236098e-6,1.0538991268827662e-5,8.19760600623906e-6,8.322397932790542e-6,16.92540507488238,7.497432534358761e-6,7.335054190483665e-6,7.334551128044613e-6,4.285516693897586,7.724018120737088e-6,7.451704391139862e-6,278.05956578396535,289.8052706718869,131.70336117371562,30.292118600746782,352.33250728584585,100.19821338008583,23.2055770971796,23.236131658085363,0.0,0.0,0.0,33.26419590370566,0.0,0.0,0.0,0.0,0.0,0.0,0.0,0.0,0.0,0.0,0.0,0.0,0.0,0.0,0.0,0.0,0.0,0.0,0.0,0.0,0.0,0.0,0.0,0.0,0.0,0.0,0.0,0.0,0.0,0.0,0.0,0.0,0.0,0.0,0.0,0.0,0.0,0.0,0.0,0.0,0.0,0.0,0.0,0.0,0.0,0.0,0.0,0.0,0.0,0.0,0.0,0.0,0.0,0.0,0.0,0.0,0.0,0.0,0.0,0.0,0.0,0.0,0.0,0.0,0.0,0.0,0.0,0.0,0.0,0.0,0.0,0.0,0.0,0.0,0.0,0.0,0.0,0.0,0.0,0.0,0.0,0.0,0.0,0.0,0.0,0.0,0.0,0.0,0.0,0.0,0.0,0.0,0.0,0.0,0.0,0.0,0.0,0.0,0.0,0.0],"plus_counter":[1,1,1,1,1,1,1,1,1,1,1,1,1,1,1,1,1,1,1,1,1,1,0,0,0,1,0,0,0,0,0,0,0,0,0,0,0,0,0,0,0,0,0,0,0,0,0,0,0,0,0,0,0,0,0,0,0,0,0,0,0,0,0,0,0,0,0,0,0,0,0,0,0,0,0,0,0,0,0,0,0,0,0,0,0,0,0,0,0,0,0,0,0,0,0,0,0,0,0,0,0,0,0,0,0,0,0,0,0,0,0,0,0,0,0,0,0,0,0,0,0,0,0,0,0,0]},"counter":1,"upd_gains":"None","node":{"best_bound":303.0168464400628,"level":1,"state":"Done","relaxation_state":"Optimal","var_idx":86},"idx_time":28.472541093826294},"hash":"13071617671871399278"},