{"relaxation":{"status":"Optimal","objval":199.28467866961992,"solution":[199.28467866961992,1.0572928624601696,1.05,1.01767744259618,0.9396436706476222,0.919832181268757,0.9,0.9441518289311289,0.9519270182764132,0.9960467851290398,1.0115227262581052,1.0214285821467377,1.0199298324585,1.05,1.0087653184415935,0.9566881797799524,0.9353472408490004,1.06,1.058999990285308,-1.0560701198574434,0.9402974140841032,0.9153806249182682,0.8970609418012156,0.9164045645473682,-0.9274030525838279,0.9649952095718113,0.9746945528978124,0.9804662979847599,0.9784653921552171,1.0101644347403351,-0.9743770288293956,0.9204131552507963,0.9637673984471135,0.0,-0.007156954699324499,-0.022761432358541955,-0.6209637809534415,-0.09291948855063607,-0.46425651314920835,-0.7964482804548516,-0.8100564759226838,-0.868187258785706,-0.9232001868231112,-0.9642490921940795,-1.004710837653442,-0.9642490921940795,-0.9339207738634026,-0.9296944944534014,-0.614448672057423,0.0,-0.008545368332022966,-3.171735927867521,-0.6076744663089039,-0.08746152259503295,-0.4605296876568451,-0.8317792129608359,-3.9851047228897647,-0.9124375859029649,-0.9806401784904129,-1.031886759937526,-1.0844471714346742,-1.0318867584240325,2.146481315239763,-0.9999463689217549,-0.5524726803511335,2.8411966424649653,0.0,0.7999999963366601,0.0,1.2,0.0,0.0,0.0,0.0,0.0,0.0,0.0,0.0,0.0,0.0,0.05726043841613358,-0.2,0.0,-0.08,0.0,0.5794190144536226,0.0,0.0,-0.1,0.0,0.0,0.0,0.0,0.0,0.0,0.0,-0.04,2.919769617679272,9.487667655614164e-9,0.8000000098771309,9.988860138251463e-9,1.2000000099722103,-0.32941175472011336,9.992002135477533e-9,0.2400000099920882,9.992585039912936e-9,9.99307403853091e-9,-0.352941166477169,-0.6588235194182043,9.993418984276926e-9,-0.5176470488304892,-2.8235294017716197,0.5000000099880749,-0.20000000983607105,-0.10854900662583204,0.20000000993343117,9.981720705602466e-9,0.6000000099105098,-0.09411763708041787,9.982586726078554e-9,0.13000000998229905,9.98130920407518e-9,9.980878747565272e-9,-0.1176470488430727,-0.14117646060729752,9.979272349494432e-9,-0.1176470488424543,-0.5882352841347201,0.24000000998086526,0.0,0.0,0.0,0.4000000137001968,0.0,0.05259285438569439,0.40000001374778565,0.0,0.3416846388301991,6.346547746395815e-9,5.600322178196401e-9,6.399503521156639e-9,0.0,8.133210178566673e-9,0.4000000137858647,0.0,0.0,0.0,0.0,0.0,0.0,0.0,0.0,0.0,0.0,0.0,0.0,0.0,0.0,0.0,0.0,0.0,0.0,1.0,0.13148211121482634,1.0,0.854211572326088,0.0,0.0,0.0,0.0,0.0,1.0,0.0,0.0,0.0,0.0,0.0,0.0,0.0,0.0,0.0,0.0,0.0],"nrestarts":0,"time":0.8527200222015381},"fpump":{"rounds":3.0,"obj":219.4277428768608,"gap":0.09179816527823847,"time":1.2079548835754395},"tree":{"children":[{"children":[{"step_obj":{"node":{"best_bound":213.20051180748385,"state":"Branch","relaxation_state":"Optimal"}},"hash":"16357255981842813858"},{"step_obj":{"node":{"best_bound":216.50833559309177,"state":"Branch","relaxation_state":"Optimal"}},"hash":"11787777826570393648"}],"step_obj":{"state":"Normal","gain_gap":0.8625588466499557,"nrestarts":0,"strong_int_vars":[],"branch_time":0.17032718658447266,"timestamp":1.1231420040130615,"upd_gains_time":1.5974044799804688e-5,"node_idx_time":5.602836608886719e-5,"var_idx":181,"counter":3,"upd_gains":"None","node":{"best_bound":207.436217403008,"level":2,"state":"Done","relaxation_state":"Optimal","var_idx":181},"idx_time":5.507469177246094e-5},"hash":"2365382085614049321"},{"children":[{"children":[{"children":[{"children":[{"step_obj":{"node":{"best_bound":209.60073375233767,"state":"Branch","relaxation_state":"Optimal"}},"hash":"7214624872195914555"},{"step_obj":{"node":{"best_bound":212.30383650504902,"state":"Branch","relaxation_state":"Optimal"}},"hash":"11284344800785783555"}],"step_obj":{"state":"Normal","gain_gap":0.8740982784256555,"nrestarts":0,"strong_int_vars":[],"branch_time":0.06200695037841797,"timestamp":1.6618599891662598,"upd_gains_time":1.1920928955078125e-5,"node_idx_time":4.100799560546875e-5,"var_idx":171,"counter":12,"upd_gains":"None","node":{"best_bound":209.16937371346253,"level":5,"state":"Done","relaxation_state":"Optimal","var_idx":171},"idx_time":4.00543212890625e-5},"hash":"3974735079307777027"},{"step_obj":{"node":{"best_bound":211.9418323039273,"state":"Branch","relaxation_state":"Optimal"}},"hash":"18060675437593086758"}],"step_obj":{"state":"Normal","gain_gap":0.7555336384705934,"nrestarts":0,"strong_int_vars":[],"branch_time":0.05388212203979492,"timestamp":1.5996971130371094,"upd_gains_time":1.2159347534179688e-5,"node_idx_time":4.1961669921875e-5,"var_idx":167,"counter":11,"upd_gains":"None","node":{"best_bound":209.15256922634157,"level":4,"state":"Done","relaxation_state":"Optimal","var_idx":167},"idx_time":4.00543212890625e-5},"hash":"2915462035727734363"},{"step_obj":{"node":{"best_bound":214.76795258891283,"state":"Branch","relaxation_state":"Optimal"}},"hash":"13975292982043917693"}],"step_obj":{"state":"Normal","gain_gap":0.8163417751731544,"nrestarts":0,"strong_int_vars":[],"branch_time":0.05627584457397461,"timestamp":1.5456459522247314,"upd_gains_time":1.2874603271484375e-5,"node_idx_time":4.482269287109375e-5,"var_idx":169,"counter":10,"upd_gains":"None","node":{"best_bound":209.15115735812083,"level":3,"state":"Done","relaxation_state":"Optimal","var_idx":169},"idx_time":4.38690185546875e-5},"hash":"4238930624701702178"},{"children":[{"children":[{"children":[{"children":[{"step_obj":{"node":{"best_bound":209.43792786593053,"state":"Branch","relaxation_state":"Optimal"}},"hash":"10714239607422147158"},{"step_obj":{"node":{"best_bound":213.45492632475302,"state":"Integral","relaxation_state":"Optimal",