{"relaxation":{"status":"Optimal","objval":724.9999793673412,"solution":[724.9999793673412,1.0,0.0,1.0,1.0,0.0,1.0,1.0,1.0,1.0,2.1317028751776946e-9,0.0,1.0,1.0,1.0,0.0,1.0,0.0,1.0,7.562387008619168e-9,1.0,0.0,1.0,0.0,1.0,0.0,1.0,1.0,1.0,0.0,1.0,1.0,1.0,1.0,1.0,1.0,0.9999999928927141,1.0,1.0,0.0,1.0,0.0,1.0,1.0,1.0,8.37219032008858e-9,0.0,1.0,0.0,1.0,0.0,0.0,0.0,0.0,0.0,0.0,0.0,1.0,0.0,0.0,0.0,0.0,0.0,0.0,1.0,1.0,1.0,1.0,1.0,1.0,1.0,0.0,0.0,0.0,0.0,0.0,0.0,1.0,1.0,1.0,1.0,0.0,0.9999999938486475,0.0,0.0,0.0,0.0,0.0,0.0,0.0,0.0,0.0,0.0,1.0,0.0,0.0,0.0,0.0,0.0,0.0,0.0,0.0,0.0,0.0,1.0,0.0,0.0,0.0,0.0,0.0,0.0,0.0,0.0,0.0,0.0,0.0,0.9999999966092057,0.0,0.0,0.0,0.0,0.0,0.0,0.0,0.0,0.0,0.0,0.0,1.0,1.0,2.232168479706655e-8,1.0,1.0,1.0,0.0,0.0,1.0,1.0,0.0,0.0,1.0,0.0,0.0,0.0,0.0,0.0,1.0,0.0,1.0,0.9999999956321346,1.0,0.0,0.0,1.0,1.0,1.0,1.0,1.0,5.235137141210822e-9,0.0,1.0,1.0,0.0,0.0,0.0,0.0,0.0,0.999999992988455,0.9999999953015245,0.0,0.0,0.9999999959228373,1.0,0.0,0.0,0.37565667409178927,1.0,0.0,1.0,1.0,1.0,1.0,1.0],"nrestarts":0,"time":0.9275598526000977},"solution":{"best_bound":0.0,"status":"Optimal","objval":724.9999793673412,"solution":[724.9999793673412,1.0,0.0,1.0,1.0,0.0,1.0,1.0,1.0,1.0,2.1317028751776946e-9,0.0,1.0,1.0,1.0,0.0,1.0,0.0,1.0,7.562387008619168e-9,1.0,0.0,1.0,0.0,1.0,0.0,1.0,1.0,1.0,0.0,1.0,1.0,1.0,1.0,1.0,1.0,0.9999999928927141,1.0,1.0,0.0,1.0,0.0,1.0,1.0,1.0,8.37219032008858e-9,0.0,1.0,0.0,1.0,0.0,0.0,0.0,0.0,0.0,0.0,0.0,1.0,0.0,0.0,0.0,0.0,0.0,0.0,1.0,1.0,1.0,1.0,1.0,1.0,1.0,0.0,0.0,0.0,0.0,0.0,0.0,1.0,1.0,1.0,1.0,0.0,0.9999999938486475,0.0,0.0,0.0,0.0,0.0,0.0,0.0,0.0,0.0,0.0,1.0,0.0,0.0,0.0,0.0,0.0,0.0,0.0,0.0,0.0,0.0,1.0,0.0,0.0,0.0,0.0,0.0,0.0,0.0,0.0,0.0,0.0,0.0,0.9999999966092057,0.0,0.0,0.0,0.0,0.0,0.0,0.0,0.0,0.0,0.0,0.0,1.0,1.0,2.232168479706655e-8,1.0,1.0,1.0,0.0,0.0,1.0,1.0,0.0,0.0,1.0,0.0,0.0,0.0,0.0,0.0,1.0,0.0,1.0,0.9999999956321346,1.0,0.0,0.0,1.0,1.0,1.0,1.0,1.0,5.235137141210822e-9,0.0,1.0,1.0,0.0,0.0,0.0,0.0,0.0,0.999999992988455,0.9999999953015245,0.0,0.0,0.9999999959228373,1.0,0.0,0.0,0.37565667409178927,1.0,0.0,1.0,1.0,1.0,1.0,1.0],"nbranches":0,"time":0.9454429149627686},"info":{"disc2var_idx":[1,2,3,4,5,6,7,8,9,10,11,12,13,14,15,16,17,18,19,20,21,22,23,24,25,26,27,28,29,30,31,32,33,34,35,36,37,38,39,40,41,42,43,44,45,46,47,48,49,50,51,52,53,54,55,56,57,58,59,60,61,62,63,64,65,66,67,68,69,70,71,72,73,74,75,76,77,78,79,80,81,82,83,84,85,86,87,88,89,90,91,92,93,94,95,96,97,98,99,100,101,102,103,104,105,106,107,108,109,110,111,112,113,114,115,116,117,118,119,120,121,122,123,124,125,126,127,128,129,130,131,132,133,134,135,136,137,138,139,140,141,142,143,144,145,146,147,148,149,150,151,152,153,154,155],"sense":"Min","var2disc_idx":[-1,0,1,2,3,4,5,6,7,8,9,10,11,12,13,14,15,16,17,18,19,20,21,22,23,24,25,26,27,28,29,30,31,32,33,34,35,36,37,38,39,40,41,42,43,44,45,46,47,48,49,50,51,52,53,54,55,56,57,58,59,60,61,62,63,64,65,66,67,68,69,70,71,72,73,74,75,76,77,78,79,80,81,82,83,84,85,86,87,88,89,90,91,92,93,94,95,96,97,98,99,100,101,102,103,104,105,106,107,108,109,110,111,112,113,114,115,116,117,118,119,120,121,122,123,124,125,126,127,128,129,130,131,132,133,134,135,136,137,138,139,140,141,142,143,144,145,146,147,148,149,150,151,152,153,154,-1,-1,-1,-1,-1,-1,-1,-1,-1,-1,-1,-1,-1,-1,-1,-1,-1,-1,-1,-1,-1,-1,-1,-1,-1,-1,-1],"nintvars":0,"nbinvars":155}}