{"relaxation":{"status":"Optimal","objval":352.9999874206795,"solution":[352.9999874206795,1.0,1.0,0.8183037980626058,0.0,0.0,1.0,1.0,1.0,1.0,0.7196486908378901,0.5484726142047874,0.7196485935032073,0.5484724452534642,0.0,0.0,1.0,1.0,0.999999999005547,0.22018754000008675,1.0,1.0,1.0,0.561241587927661,0.577616367026308,9.452045339778878e-9,0.0,0.9999999971719172,1.0,0.39639216977879427,0.3963920011179405,0.0,1.0,0.0,1.0,0.0,0.0,1.0,1.0,0.838351712011391,0.8383514328933325,0.0,1.0,1.0,1.0,1.0,1.0,1.0,0.3171180618131084,0.31711794695951206,0.0,1.0,0.0,1.0,0.0,0.0,0.08056577154000814,0.0805654197596923,0.0,0.0,0.0,0.0,0.0,0.0,0.4999998030512059,0.08011872447052291,0.7634212508771933,0.4026810458008397,0.8429580560585246,0.5021618853687667,0.2759291684293021,0.08011889642233491,0.763421462817319,0.402681211918142,0.8429581447567814,0.5021620593458935,0.27592934177304906,1.0,1.0,1.0,1.0,1.0,0.0,1.0,0.0,0.0,1.0,1.0,0.0,0.0,0.0,0.0,0.0,0.0,0.0,0.9999999964578431,1.0,1.0,1.0,0.0,0.0,0.0,0.0,0.0,0.0,0.0,0.0,1.0,1.0,0.0,0.0,0.0,0.0,0.0,0.0,1.0,1.0,1.0,1.0,0.9999999802630642,0.0,5.228488947117059e-9,0.4865046964130531,1.0,0.0,4.672611729935721e-9,0.9999999879968361,1.0,0.9999999974602302,0.0,0.0,0.0,0.0,0.9999999305081353,0.0,0.0,0.0,2.258006216690646e-8,0.0,0.0,0.0,0.0,0.0,0.0,0.0,0.0,0.0,0.0,0.0,2.0195292619972746e-8,1.0,0.0,0.0,0.9999999959446308,1.0,0.9999999966593299,1.0,1.0,1.0,1.0,1.0,1.0,1.0,1.0,2.193736803832123e-8,1.0,1.0,1.0,1.0,0.0,0.0,1.0,1.0,0.0,0.0,0.0,0.0,1.0,1.0,1.0,1.0,1.0,1.0],"nrestarts":0,"time":0.876168966293335},"fpump":{"rounds":1.0,"obj":352.9999999925058,"gap":3.561423894176156e-8,"time":0.7023539543151855},"solution":{"best_bound":352.9999874206795,"status":"Optimal","objval":352.9999999925058,"solution":[352.9999999925058,1.0,1.0,1.0,0.0,0.0,1.0,1.0,1.0,1.0,1.0,1.0,1.0,1.0,0.0,0.0,1.0,1.0,1.0,0.0,1.0,1.0,1.0,1.0,1.0,0.0,0.0,1.0,1.0,0.0,0.0,0.0,1.0,0.0,1.0,0.0,0.0,1.0,1.0,1.0,1.0,0.0,1.0,1.0,1.0,1.0,1.0,1.0,0.0,0.0,0.0,1.0,0.0,1.0,0.0,0.0,0.0,0.0,0.0,0.0,0.0,0.0,0.0,0.0,0.0,0.0,1.0,0.0,1.0,1.0,0.0,0.0,1.0,0.0,1.0,1.0,0.0,1.0,1.0,1.0,1.0,1.0,0.0,1.0,0.0,0.0,1.0,1.0,0.0,0.0,0.0,0.0,0.0,0.0,0.0,1.0,1.0,1.0,1.0,0.0,0.0,0.0,0.0,0.0,0.0,0.0,0.0,1.0,1.0,0.0,0.0,0.0,0.0,0.0,0.0,1.0,1.0,1.0,1.0,1.0,0.0,0.0,0.0,1.0,0.0,0.0,1.0,1.0,1.0,0.0,0.0,0.0,0.0,1.0,0.0,0.0,0.0,0.0,0.0,0.0,0.0,0.0,0.0,0.0,0.0,0.0,0.0,0.0,0.0,0.0,1.0,0.0,0.0,1.0,1.0,1.0,1.0,1.0,1.0,1.0,1.0,1.0,1.0,1.0,0.0,1.0,1.0,1.0,1.0,0.0,0.0,1.0,1.0,0.0,0.0,0.0,0.0,1.0,1.0,1.0,1.0,1.0,1.0],"nbranches":0,"time":1.581892967224121},"info":{"disc2var_idx":[1,2,3,4,5,6,7,8,9,10,11,12,13,14,15,16,17,18,19,20,21,22,23,24,25,26,27,28,29,30,31,32,33,34,35,36,37,38,39,40,41,42,43,44,45,46,47,48,49,50,51,52,53,54,55,56,57,58,59,60,61,62,63,64,65,66,67,68,69,70,71,72,73,74,75,76,77,78,79,80,81,82,83,84,85,86,87,88,89,90,91,92,93,94,95,96,97,98,99,100,101,102,103,104,105,106,107,108,109,110,111,112,113,114,115,116,117,118,119,120,121,122,123,124,125,126,127,128,129,130,131,132,133,134,135,136,137,138,139,140,141,142,143,144,145,146,147,148,149,150,151,152,153,154,155,156,157,158,159,160,161,162,163,164,165,166,167,168,169,170,171,172,173,174,175,176,177,178,179,180,181,182],"sense":"Min","var2disc_idx":[-1,0,1,2,3,4,5,6,7,8,9,10,11,12,13,14,15,16,17,18,19,20,21,22,23,24,25,26,27,28,29,30,31,32,33,34,35,36,37,38,39,40,41,42,43,44,45,46,47,48,49,50,51,52,53,54,55,56,57,58,59,60,61,62,63,64,65,66,67,68,69,70,71,72,73,74,75,76,77,78,79,80,81,82,83,84,85,86,87,88,89,90,91,92,93,94,95,96,97,98,99,100,101,102,103,104,105,106,107,108,109,110,111,112,113,114,115,116,117,118,119,120,121,122,123,124,125,126,127,128,129,130,131,132,133,134,135,136,137,138,139,140,141,142,143,144,145,146,147,148,149,150,151,152,153,154,155,156,157,158,159,160,161,162,163,164,165,166,167,168,169,170,171,172,173,174,175,176,177,178,179,180,181],"nintvars":0,"nbinvars":182}}