{"relaxation":{"status":"Optimal","objval":85.99998891192259,"solution":[85.99998891192259,0.5951452419644503,0.0,0.9487304336396938,0.6484608529554109,0.0,0.7224557685532241,1.4294693412006798e-8,0.36169343124221065,0.0,0.20530166833794083,0.0,0.10090115058264819,0.0,0.05247457559418194,0.0,0.7204700960626336,0.0,0.8464826455167375,1.0655022044784158e-8,0.15301699717339087,0.0,0.4999999999974018,0.051269566328176974,0.4999999999974134,0.051269566328451234,0.36845923133199776,0.0,0.45916032653456684,0.0,0.8974627097646113,1.3895516122041765e-8,0.7939000805278759,0.0,0.5413604445169791,0.0,0.4676106732654,0.0,0.33615322022725835,0.0,0.2593628071451746,0.0,1.0,1.0,0.0,0.0,0.0,0.0,1.0,1.0,0.0,0.4048547580383185,0.40485475803833765,0.0,0.0,1.0,1.0,0.0,0.0,0.0,0.0,0.9999999708807372,0.0,0.0,0.0,0.0,1.0,1.0,0.0,0.35153914705550865,0.3515391470555503,0.0,0.0,1.0,1.0,0.0,0.0,0.0,0.0,0.0,0.0,0.0,0.0,0.4149674259899307,0.9999999767218211,0.0,0.277544231447376,0.27754423144751483,0.0,0.0,0.999999994381324,0.9999999657474279,0.0,0.0,0.0,0.0,0.0,0.0,6.122753562967897e-9,1.0,1.0,1.1232437113032533e-8,0.6383065687247282,0.6383065687248607,0.5308466059788844,0.9999999924281376,1.0,1.0,1.0,0.9999999745810806,0.09009844415069038,7.615251402878939e-9,0.0,5.903789744872178e-9,1.0,1.0,1.6073684006064714e-8,0.7946983316552774,0.7946983316553091,0.9999999996898102,1.0,1.0,1.0,1.0,1.0,1.0,0.9999999958280925,1.9113937726754782e-7,1.0,1.0,0.9999999917495743,0.8990988493942762,0.8990988493942303,1.0,1.0,1.0,1.0,1.0,1.0,1.0,1.0,1.0,1.0,0.9999999703262377,0.9475254244058515,0.9475254244058159,0.9999999988839297,1.0,1.0,1.0,1.0,1.0,0.9999999990392932,0.9999999939569858,1.0,0.0,0.27952990393432153,0.27952990393437555,0.0,0.0,1.0,0.9999999892109304,0.0,0.0,0.0,0.0,0.0,0.15351735454619309,0.15351735454570326,0.0,0.0,0.9999999666531297,3.6732702023245675e-9,0.0,0.0,0.0,0.0,0.8469830028402058,0.8469830028402332,0.9999999874200993,1.0,1.0,1.0,1.0,1.0,0.9999999969237379,0.9999999910237397,0.5000000000000117,0.36845923133578484,0.459160326540121,0.8974627097771029,0.7939000805670521,0.5413604445182032,0.4676106732709383,0.3361532202025192,0.2593628071468649,0.3684592313357839,0.45916032654009764,0.8974627097773504,0.7939000805667209,0.5413604445181853,0.46761067327097294,0.3361532202025281,0.2593628071468623,0.7103386872179901,1.0,1.0,1.0,0.9999999939061908,0.3853063390074704,1.2319635582791192e-7,1.0,1.0,1.0,0.3349211365844312,2.2367990593267092e-9,0.0,0.0,0.0,0.0,0.0,0.0,0.0,0.0,0.0,0.0,0.0,0.0,0.0,9.276855505849239e-9,0.0,1.0547812955130952e-9,0.0,0.0,0.9999999695999808,9.334956305588332e-10,0.0,0.9999999658756197,0.8838451209375778,0.0,0.0,0.0,0.0,0.0,0.0,0.0,0.0,3.508357205783153e-8,6.8030794701030336e-9,2.663210955033628e-8,0.0,2.6235102561661785e-10,0.0,0.46209346498768067,1.4372526564165136e-9,0.14843930371965672,0.07667728548146238,1.7402742734285243e-9,0.0,0.0,0.0,0.0,0.0,0.0,0.0,0.0,0.0,0.0,0.0,2.3991489084105744e-9,0.0,0.0,0.0,1.0,1.0,1.0,1.0,0.9999999888675343,0.0,1.0,1.0,1.0,1.0,0.6735391864320733,1.0,2.1610767931862986e-9,1.0,4.0953987203054804e-8,0.0,0.0,1.0,0.0,1.0,7.040288657399331e-9,0.0,0.0,0.0,0.9999999915393747,0.6116566891109236,7.829771696003531e-9,0.999999992881302,0.3110029468547593,1.009669332806964e-8,0.0,0.0,0.0,0.0,0.0,0.48082419944880556,0.0,0.0,0.0,0.0,0.0,2.8483786541907384e-8,2.142884856005458e-8,0.0,3.007672858075403e-8,0.059174636138702545,4.753268645704234e-10,0.0,0.0,0.0,0.0,0.0,1.2209014416231083e-9,0.0,0.0,5.254358742088243e-9,0.0,0.9999999987352451,0.9999999961501114,0.3951373458841655,1.0,0.464964795902419,0.9999999833101896,0.0,0.0,0.0,0.0,0.0,1.0,0.0,1.8713634446257224e-8,0.0,1.0,1.0,1.0,1.0,0.5802578096094523,1.0,0.0,0.999999989466527,0.0,0.0,0.0,1.0,0.0,0.0,1.0,1.0,0.9999999986667365,1.0,0.6269601993939519,1.0,0.0,0.999999967277519,2.9395701804075276e-8,0.0,0.0,1.0,0.0,1.0,1.0,1.0,1.0,0.7661480235604766,1.0,1.74203600114907e-8,1.0,0.9999999997481955,0.0,0.0,1.0,0.0,3.236256485831282e-8,1.8012383722782004e-9,0.5696493705433333,0.20365493135780421,3.471096580521418e-9,0.0,0.0,0.0,0.0,0.0,9.972683111990755e-9,0.0,4.411161766582286e-9,0.8607156095175873,0.27207641873286736,6.403341728313486e-9,0.0,0.0,0.0,0.0,0.0,3.396883019393714e-8,0.0,1.0,0.4664042996384037,0.9999997472422689,0.0,4.833139078646057e-10,0.0,0.0,0.0,0.9999999987235442,0.0,0.18814858608251542,7.554796094229595e-10,0.0,0.0,0.0,0.0,0.0,3.2388074311292627e-9,0.0,0.6020918271721872,0.1876218536450647,0.4674625972263225,0.2805480158267223,0.1412692634107869,0.0946040660104909,0.6658771556005869,0.047885727918415506,0.0,0.0,0.0,0.0,0.0,0.9999999979234874,0.0,1.0,0.9999999973880672,1.3270401733582563e-8,7.552604244437918e-11,1.0,9.588506786212913e-9,0.0,0.0,0.0,1.0,0.0,0.0,0.0,1.0,2.5063741931713275e-9,6.09121575086857e-9,1.0,7.073100718404951e-9,1.0,1.7287081512137548e-8,0.0],"nrestarts":0,"time":2.350337028503418},"fpump":{"rounds":1.0,"obj":85.9999999925059,"gap":1.2884399210683342e-7,"time":6.866118907928467},"solution":{"best_bound":85.99998891192259,"status":"Optimal","objval":85.9999999925059,"solution":[85.9999999925059,1.0,0.0,1.0,1.0,0.0,1.0,0.0,0.0,0.0,0.0,0.0,0.0,0.0,0.0,0.0,1.0,0.0,1.0,0.0,0.0,0.0,1.0,0.0,1.0,0.0,0.0,0.0,0.0,0.0,1.0,0.0,1.0,0.0,1.0,0.0,0.0,0.0,0.0,0.0,0.0,0.0,1.0,1.0,0.0,0.0,0.0,0.0,1.0,1.0,0.0,0.0,0.0,0.0,0.0,1.0,1.0,0.0,0.0,0.0,0.0,1.0,0.0,0.0,0.0,0.0,1.0,1.0,0.0,0.0,0.0,0.0,0.0,1.0,1.0,0.0,0.0,0.0,0.0,0.0,0.0,0.0,0.0,0.0,1.0,0.0,0.0,0.0,0.0,0.0,1.0,1.0,0.0,0.0,0.0,0.0,0.0,0.0,0.0,1.0,1.0,0.0,1.0,1.0,1.0,1.0,1.0,1.0,1.0,1.0,0.0,0.0,0.0,0.0,1.0,1.0,0.0,1.0,1.0,1.0,1.0,1.0,1.0,1.0,1.0,1.0,1.0,0.0,1.0,1.0,1.0,1.0,1.0,1.0,1.0,1.0,1.0,1.0,1.0,1.0,1.0,1.0,1.0,1.0,1.0,1.0,1.0,1.0,1.0,1.0,1.0,1.0,1.0,1.0,1.0,0.0,0.0,0.0,0.0,0.0,1.0,1.0,0.0,0.0,0.0,0.0,0.0,0.0,0.0,0.0,0.0,1.0,0.0,0.0,0.0,0.0,0.0,1.0,1.0,1.0,1.0,1.0,1.0,1.0,1.0,1.0,1.0,0.0,0.0,0.0,1.0,1.0,1.0,0.0,0.0,0.0,0.0,0.0,1.0,1.0,1.0,0.0,0.0,0.0,1.0,1.0,1.0,1.0,1.0,0.0,0.0,1.0,1.0,1.0,0.0,0.0,0.0,0.0,0.0,0.0,0.0,0.0,0.0,0.0,0.0,0.0,0.0,0.0,0.0,0.0,0.0,0.0,0.0,0.0,1.0,0.0,0.0,1.0,1.0,0.0,0.0,0.0,0.0,0.0,0.0,0.0,0.0,0.0,0.0,0.0,0.0,0.0,0.0,0.0,0.0,0.0,0.0,0.0,0.0,0.0,0.0,0.0,0.0,0.0,0.0,0.0,0.0,0.0,0.0,0.0,0.0,0.0,0.0,1.0,1.0,1.0,1.0,1.0,0.0,1.0,1.0,1.0,1.0,1.0,1.0,0.0,1.0,0.0,0.0,0.0,1.0,0.0,1.0,0.0,0.0,0.0,0.0,1.0,1.0,0.0,1.0,0.0,0.0,0.0,0.0,0.0,0.0,0.0,0.0,0.0,0.0,0.0,0.0,0.0,0.0,0.0,0.0,0.0,0.0,0.0,0.0,0.0,0.0,0.0,0.0,0.0,0.0,0.0,0.0,0.0,1.0,1.0,0.0,1.0,0.0,1.0,0.0,0.0,0.0,0.0,0.0,1.0,0.0,0.0,0.0,1.0,1.0,1.0,1.0,1.0,1.0,0.0,1.0,0.0,0.0,0.0,1.0,0.0,0.0,1.0,1.0,1.0,1.0,1.0,1.0,0.0,1.0,0.0,0.0,0.0,1.0,0.0,1.0,1.0,1.0,1.0,1.0,1.0,0.0,1.0,1.0,0.0,0.0,1.0,0.0,0.0,0.0,1.0,0.0,0.0,0.0,0.0,0.0,0.0,0.0,0.0,0.0,0.0,1.0,0.0,0.0,0.0,0.0,0.0,0.0,0.0,0.0,0.0,1.0,0.0,1.0,0.0,0.0,0.0,0.0,0.0,1.0,0.0,0.0,0.0,0.0,0.0,0.0,0.0,0.0,0.0,0.0,1.0,0.0,0.0,0.0,0.0,0.0,1.0,0.0,0.0,0.0,0.0,0.0,0.0,1.0,0.0,1.0,1.0,0.0,0.0,1.0,0.0,0.0,0.0,0.0,1.0,0.0,0.0,0.0,1.0,0.0,0.0,1.0,0.0,1.0,0.0,0.0],"nbranches":0,"time":9.234907150268555},