{"relaxation":{"status":"Optimal","objval":5.911534481329826,"solution":[5.911534481329826,0.5888467508785772,0.6538734704698383,1.0,1.2489248820210594,20.0,37.46447994423639,31.93556600806884],"nrestarts":0,"time":1.4524109363555908},"fpump":{"rounds":1.0,"obj":5.937015361329812,"gap":0.004291866948155974,"time":2.685042142868042},"tree":{"children":[{"children":[{"step_obj":{"node":{"best_bound":5.937015294276232,"state":"Integral","relaxation_state":"Optimal","solution":[5.937015294276232,0.593312857088075,0.6546184669375305,1.0,1.2514992962569835,20.0,37.0,32.0]}},"hash":"2685402396393732206"},{"step_obj":{"node":{"best_bound":5.936371978040571,"state":"Integral","relaxation_state":"Optimal","solution":[5.936371978040571,0.5863015958081231,0.6536691610011597,1.0,1.262650537383492,20.0,37.0,33.0]}},"hash":"3856585237344230875"}],"step_obj":{"state":"Normal","gain_gap":0.8166462792950535,"nrestarts":0,"strong_int_vars":[],"branch_time":0.23784399032592773,"timestamp":1.4176180362701416,"upd_gains_time":0.004335165023803711,"node_idx_time":0.6770880222320557,"var_idx":8,"counter":2,"upd_gains":"None","node":{"best_bound":5.931384562743304,"level":2,"state":"Done","relaxation_state":"Optimal","var_idx":8},"idx_time":0.6770870685577393},"hash":"18319121109319289066"},{"step_obj":{"node":{"best_bound":5.9386831834771945,"state":"Branch","relaxation_state":"Optimal"}},"hash":"13546412931987486"}],"step_obj":{"state":"Normal","gain_gap":0.0,"nrestarts":0,"strong_int_vars":[2,3],"branch_time":0.0,"timestamp":0.49823904037475586,"upd_gains_time":0.0,"node_idx_time":0.49817800521850586,"var_idx":7,"obj_gain":{"minus_counter":[0,1,1],"minus":[0.0,0.0427361432065953,0.017417553189876908],"plus":[0.0,0.05069595779873479,0.001121969795308617],"plus_counter":[0,1,1]},"counter":1,"upd_gains":"None","node":{"best_bound":5.911534481329826,"level":1,"state":"Done","relaxation_state":"Optimal","var_idx":7},"idx_time":0.49817705154418945},"hash":"1570090118989846238"},"obj_gain":[[0.036406495702415706,0.038302460797878246,1.0,1.0],[0.0427361432065953,0.05069595779873479,1.0,1.0],[0.010999533247453229,0.01021815356538969,2.0,2.0]],"solution":{"best_bound":5.936371978040571,"status":"Optimal","objval":5.936371978040571,"solution":[5.936371978040571,0.5863015958081231,0.6536691610011597,1.0,1.262650537383492,20.0,37.0,33.0],"nbranches":2,"time":5.569555044174194},"info":{"disc2var_idx":[5,6,7],"sense":"Min","var2disc_idx":[-1,-1,-1,-1,-1,0,1,2],"nintvars":3,"nbinvars":0}}