{"relaxation":{"status":"Optimal","objval":5.911534481329804,"solution":[5.911534481329804,2.0,3.74644799442364,3.1935566008068803,5.888467508785765,6.538734704698369,10.0,12.489248820210618],"nrestarts":0,"time":2.056596040725708},"fpump":{"rounds":1.0,"obj":9.392464540796997,"gap":0.37060880499973853,"time":2.9363350868225098},"tree":{"children":[{"children":[{"step_obj":{"node":{"best_bound":6.972413180457184,"state":"Branch","relaxation_state":"Optimal"}},"hash":"1814998178385966666"},{"step_obj":{"node":{"best_bound":null,"state":"Infeasible","relaxation_state":"UserLimit"}},"hash":"9052868944075171312"}],"step_obj":{"state":"Normal","gain_gap":0.9260148959151105,"nrestarts":0,"strong_int_vars":[],"branch_time":104.7491979598999,"timestamp":109.34218502044678,"upd_gains_time":0.004552125930786133,"node_idx_time":0.756782054901123,"var_idx":5,"counter":2,"upd_gains":"None","node":{"best_bound":6.700193266049251,"level":2,"state":"Done","relaxation_state":"Optimal","var_idx":5},"idx_time":0.7567811012268066},"hash":"1371394254178184324"},{"children":[{"step_obj":{"node":{"best_bound":6.839043284612788,"state":"Integral","relaxation_state":"Optimal","solution":[6.839043284612788,1.911037990157906,3.7803026493389753,3.323618149443035,6.0,7.0,10.0,9.999999947789826]}},"hash":"2351150704451454910"},{"step_obj":{"node":{"best_bound":6.8541039502202405,"state":"Integral","relaxation_state":"Optimal","solution":[6.8541039502202405,1.9344298493130592,3.752277625006485,3.3285288764111898,6.0,7.0,10.0,11.0]}},"hash":"536902545421755643"}],"step_obj":{"state":"Normal","gain_gap":2.124923380786644,"nrestarts":0,"strong_int_vars":[],"branch_time":0.35543394088745117,"timestamp":109.71964597702026,"upd_gains_time":1.5020370483398438e-5,"node_idx_time":5.507469177246094e-5,"var_idx":8,"counter":3,"upd_gains":"None","node":{"best_bound":6.838625678041278,"level":2,"state":"Done","relaxation_state":"Optimal","var_idx":8},"idx_time":5.412101745605469e-5},"hash":"18235244256494081803"}],"step_obj":{"state":"Normal","gain_gap":0.0,"nrestarts":0,"strong_int_vars":[1,2,4],"branch_time":0.0,"timestamp":3.831531047821045,"upd_gains_time":0.0,"node_idx_time":3.831455945968628,"var_idx":6,"obj_gain":{"minus_counter":[1,1,0,1],"minus":[0.24490582341597994,1.4639093747654652,0.0,0.1122863062622128],"plus":[0.07274516238777533,2.0098871650537444,0.0,0.13715672117377692],"plus_counter":[1,1,0,1]},"counter":1,"upd_gains":"None","node":{"best_bound":5.911534481329804,"level":1,"state":"Done","relaxation_state":"Optimal","var_idx":6},"idx_time":3.8314549922943115},"hash":"13517000164531708103"},"obj_gain":[[0.7181163261566923,0.07274516238777533,2.0,1.0],[1.4639093747654652,2.0098871650537444,1.0,1.0],[0.8544075990907226,1.0735219431137606,1.0,1.0],[0.0029863260856770983,0.017994634180304756,2.0,2.0]],"solution":{"best_bound":6.839043284612788,"status":"Optimal","objval":6.839043284612788,"solution":[6.839043284612788,1.911037990157906,3.7803026493389753,3.323618149443035,6.0,7.0,10.0,9.999999947789826],"nbranches":3,"time":114.73047709465027},"info":{"disc2var_idx":[4,5,6,7],"sense":"Min","var2disc_idx":[-1,-1,-1,-1,0,1,2,3],"nintvars":4,"nbinvars":0}}