{"relaxation":{"status":"Optimal","objval":1498.3333333333278,"solution":[1498.3333333333278,0.3333333333333333,0.33333333333333304,0.33333333333333376,0.3333333333333335,0.3333333333333329,0.33333333333333365,0.33333333333333326,0.33333333333333265,0.33333333333333415,0.3333333333333336,0.3333333333333327,0.33333333333333376,0.33333333333333326,0.3333333333333328,0.33333333333333404,0.33333333333333326,0.33333333333333315,0.33333333333333365,0.3333333333333335,0.33333333333333326,0.33333333333333337,0.33333333333333304,0.3333333333333333,0.3333333333333337,0.3333333333333333,0.3333333333333329,0.3333333333333338,0.3333333333333336,0.3333333333333327,0.3333333333333337,0.33333333333333365,0.33333333333333287,0.33333333333333354,0.3333333333333336,0.333333333333333,0.3333333333333335,0.3333333333333335,0.33333333333333337,0.33333333333333326,0.3333333333333331,0.33333333333333337,0.33333333333333354,0.3333333333333331,0.3333333333333334,0.33333333333333354,0.3333333333333335,0.3333333333333333,0.33333333333333326,0.33333333333333326,0.3333333333333335,0.33333333333333337,0.3333333333333335,0.33333333333333287,0.3333333333333337,0.33333333333333365,0.3333333333333333,0.3333333333333331,0.33333333333333354,0.3333333333333335,0.3333333333333331,0.3333333333333329,0.3333333333333343,0.33333333333333276,0.33333333333333387,0.3333333333333333,0.33333333333333287,0.33333333333333315,0.33333333333333365,0.33333333333333326,0.3333333333333334,0.3333333333333336,0.333333333333333,0.3333333333333337,0.3333333333333336,0.33333333333333265,0.3333333333333335,0.3333333333333337,0.3333333333333329,0.3333333333333333,0.3333333333333336,0.33333333333333315,0.3333333333333332,0.3333333333333341,0.33333333333333276,0.3333333333333335,0.33333333333333387,0.33333333333333265,0.3333333333333334,0.3333333333333341,0.3333333333333325],"nrestarts":0,"time":0.597491979598999},"fpump":{"rounds":1.0,"obj":955.0,"gap":0.5689354275741653,"time":0.10541987419128418},"tree":{"children":[{"step_obj":{"node":{"best_bound":494.9999584547048,"state":"Integral","relaxation_state":"Optimal","solution":[494.9999584547048,0.0,1.0,0.0,0.0,1.0,7.783934524090967e-15,0.0,1.0,3.927430210153021e-13,0.0,1.0,1.03520554952895e-12,0.0,1.0,2.039684840836355e-12,0.0,1.0,3.613367293764339e-12,0.0,1.0,6.20580960322187e-12,0.0,1.0,1.0972962509268019e-11,0.0,1.0,2.2007783425031755e-11,0.0,1.0,9.034538798582812e-11,0.0,8.945691207661426e-11,1.0,0.0,1.8056086677738695e-11,1.0,0.0,1.5696808057794632e-12,1.0,0.0,0.0,1.0,0.0,0.0,1.0,0.0,0.0,1.0,0.0,0.0,1.0,1.566930432109154e-12,0.0,1.0,1.7807615390228575e-11,0.0,1.0,8.748272523605815e-11,0.0,1.0,1.0,0.0,0.0,1.0,0.0,2.2074794526712292e-11,1.0,0.0,1.0975325689814783e-11,1.0,0.0,6.206259088052035e-12,1.0,0.0,1.7931829497311034e-12,1.0,0.0,2.039781172850189e-12,1.0,0.0,1.0351541924212094e-12,1.0,0.0,3.9281689528528757e-13,1.0,0.0,7.60535540647424e-15,1.0,0.0,0.0]}},"hash":"10284467400559070597"},{"step_obj":{"node":{"best_bound":494.99995755412147,"state":"Integral","relaxation_state":"Optimal","solution":[494.99995755412147,0.0,0.0,1.0,0.0,0.0,1.0,0.0,0.0,1.0,2.903790895976227e-13,0.0,1.0,1.3663712140330458e-12,0.0,1.0,2.949508048076035e-12,0.0,1.0,5.176477493525429e-12,0.0,1.0,9.21309337134339e-12,0.0,1.0,2.0334471204086975e-11,0.0,1.0,9.536299025193192e-11,0.0,1.0,1.0,0.0,8.751055279830997e-11,1.0,0.0,1.625750742192395e-11,1.0,0.0,0.0,1.0,0.0,0.0,1.0,0.0,0.0,1.0,0.0,0.0,1.0,0.0,0.0,1.0,0.0,0.0,1.0,1.5425769869545597e-11,0.0,1.0,5.4339501793772926e-11,0.0,9.99068347819381e-9,1.0,0.0,2.079098366972563e-11,1.0,0.0,9.212939199221371e-12,1.0,0.0,5.269534605468279e-12,1.0,0.0,2.9667934478364922e-12,1.0,0.0,1.366453069542324e-12,1.0,0.0,2.884309637284278e-13,1.0,0.0,0.0,1.0,0.0,0.0,1.0,0.0,0.0,1.0,0.0]}},"hash":"12581465617164671017"}],"step_obj":{"state":"Normal","gain_gap":0.0,"nrestarts":0,"strong_int_vars":[1,2,4,5,6,7,8,9,10,11,12,13,14,15,16,17,18,19,20,21,22,23,24,25,26,27,28,29,30,31,32,33,34,35,36,37,38,39,40,41,42,43,44,45,46,48,49,50,51,52,53,55,56,57,58,59,61,62,63,64,65,68,69,70,71,72,73,74,75,76,77,78,79,80,81,82,84,85,86,87,88,89,90],"branch_time":0.0,"timestamp":19.215330839157104,"upd_gains_time":0.0,"node_idx_time":19.215251207351685,"var_idx":63,"obj_gain":{"minus_counter":[1,1,0,1,1,1,1,1,1,1,1,1,1,1,1,1,1,1,1,1,1,1,1,1,1,1,1,1,1,1,1,1,1,1,1,1,1,1,1,1,1,1,1,1,1,1,0,1,1,1,1,1,1,0,1,1,1,1,1,0,1,1,1,1,1,0,0,1,1,1,1,1,1,1,1,1,1,1,1,1,1,1,0,1,1,1,1,1,1,1],"minus":[3010.0001246355637,3010.00012463598,0.0,3010.0001246342035,3010.000124637364,3010.000124632484,3010.0001246359584,3010.0001246322936,3010.0001246324814,3010.000124632376,3010.000124639439,3010.000124633902,3010.0001246359816,3010.000124636033,3010.0001246328725,3010.000124632201,3010.0001246324673,3010.000124635804,3010.000124635162,3010.0001246323786,3010.000124635105,3010.000124632021,3010.000124634498,3010.000124632537,3010.0001246328497,3010.000124635885,3010.000124632358,3010.000124633457,3010.0001246332167,3010.000124635045,3010.000124935587,3010.000124935547,3010.0001249367456,3010.000125533,3010.000125535847,3010.0001255330503,3010.000126134711,3010.000126133391,3010.000126135648,3010.000126733427,3010.0001267363878,3010.000126733939,3010.0001273345583,3010.0001273323473,3010.000127332662,3010.0001273383864,0.0,3010.0001273362573,3010.000126736129,3010.000126734063,3010.0001267326656,3010.000126135578,3010.0001261356238,0.0,3010.000125532854,3010.000125532795,3010.0001255355387,3010.000124935261,3010.0001249335164,0.0,3010.000124633356,3010.00012463586,3010.0001246358206,3010.00012463553,3010.000124635636,0.0,0.0,3010.000124632345,3010.0001246355487,3010.0001246333372,3010.000124632119,3010.000124635843,3010.000124632488,3010.000124638812,3010.0001246363486,3010.000124633344,3010.000124633507,3010.0001246326983,3010.0001246322795,3010.00012463236,3010.0001246360284,3010.000124635265,0.0,3010.0001246357106,3010.0001246330985,3010.00012463211,3010.000124632119,3010.0001246321585,3010.0001246355328,3010.0001246361553],"plus":[1505.0000623193332,1505.0000623177352,0.0,1505.0000623476421,1505.0000623489902,1505.000062349015,1505.0000624094039,1505.0000624075326,1505.0000624079894,1505.0000624976105,1505.0000624993518,1505.0000624981706,1505.000062617565,1505.0000626173946,1505.0000626192825,1505.0000627676418,1505.0000627682825,1505.0000627677446,1505.0000629487795,1505.0000629487413,1505.0000629482342,1505.0000631576952,1505.0000631589512,1505.0000631575265,1505.0000633984566,1505.0000633981692,1505.0000633980314,1505.0000636690768,1505.000063667926,1505.0000636680784,1490.0000663682429,1490.0000663682354,1490.0000663681913,1463.0000658741033,1463.000065873592,1463.0000658740882,1439.0000654094229,1439.000065409451,1439.0000654094506,1418.0000649748245,1418.0000649746237,1418.0000649744272,1400.000064568224,1400.0000645682323,1400.000064568237,1400.0000645682323,0.0,1400.0000645682271,1418.0000649744309,1418.000064974441,1418.000064974527,1439.0000654094558,1439.0000654094865,0.0,1463.0000658740498,1463.0000658743013,1463.0000658740066,1490.000066368228,1490.0000663675864,0.0,1505.0000636694072,1505.000063668812,1505.0000636680531,1505.000063398478,1505.0000633981795,0.0,0.0,1505.0000631589444,1505.0000631575178,1505.0000629500823,1505.0000629475228,1505.0000629481303,1505.0000627680529,1505.0000627683198,1505.0000627684535,1505.0000626174863,1505.0000626190404,1505.0000626198296,1505.0000624976583,1505.000062499542,1505.0000625000316,1505.0000624091517,0.0,1505.0000624076788,1505.0000623476385,1505.000062349116,1505.0000623490616,1505.0000623176059,1505.0000623174624,1505.0000623175818],"plus_counter":[1,1,0,1,1,1,1,1,1,1,1,1,1,1,1,1,1,1,1,1,1,1,1,1,1,1,1,1,1,1,1,1,1,1,1,1,1,1,1,1,1,1,1,1,1,1,0,1,1,1,1,1,1,0,1,1,1,1,1,0,1,1,1,1,1,0,0,1,1,1,1,1,1,1,1,1,1,1,1,1,1,1,0,1,1,1,1,1,1,1]},"counter":1,"upd_gains":"None","node":{"best_bound":1498.3333333333278,"level":1,"state":"Done","relaxation_state":"Optimal","var_idx":63},"idx_time":19.21525001525879},"hash":"2259930803932438355"},