{"relaxation":{"status":"Optimal","objval":6.476300976980075e-17,"solution":[6.476300976980075e-17,0.33333333333333337,0.33333333333333337,0.3333333333333333,0.3333333333333333,0.33333333333333337,0.33333333333333337,0.33333333333333337,0.33333333333333337,0.33333333333333337,0.33333333333333337,0.33333333333333337,0.33333333333333337,0.33333333333333337,0.33333333333333337,0.33333333333333337,0.33333333333333337,0.33333333333333337,0.33333333333333337,0.3333333333333333,0.3333333333333333,0.3333333333333333,0.33333333333333337,0.33333333333333337,0.3333333333333333,0.3333333333333333,0.33333333333333337,0.33333333333333337,0.33333333333333337,0.33333333333333337,0.33333333333333337,0.33333333333333337,0.33333333333333337,0.33333333333333337,0.33333333333333337,0.33333333333333337,0.33333333333333337,0.33333333333333337,0.33333333333333337,0.33333333333333337,0.33333333333333337,0.33333333333333337,0.3333333333333333,0.33333333333333337,0.33333333333333337,0.33333333333333337,0.33333333333333337,0.3333333333333333,0.33333333333333337,0.33333333333333337,0.33333333333333337,0.33333333333333337,0.33333333333333337,0.33333333333333337,0.33333333333333337,0.33333333333333337,0.33333333333333337,0.33333333333333337,0.3333333333333333,0.33333333333333337,0.3333333333333333,0.33333333333333337,0.33333333333333337,0.33333333333333337,0.33333333333333337,0.33333333333333337,0.33333333333333326,0.33333333333333337,0.33333333333333337,0.33333333333333337,0.3333333333333333,0.3333333333333333,0.33333333333333337,0.33333333333333337,0.33333333333333337,0.33333333333333337,0.3333333333333333,0.3333333333333333,0.3333333333333333,0.33333333333333337,0.3333333333333333,0.33333333333333337,0.33333333333333337,0.33333333333333337,0.33333333333333337,0.33333333333333337,0.33333333333333337,0.33333333333333337,0.33333333333333337,0.33333333333333337,0.33333333333333337,0.33333333333333337,0.33333333333333337,0.33333333333333337,0.3333333333333333,0.3333333333333333,0.3333333333333333,0.33333333333333337,0.33333333333333337,0.33333333333333337,0.3333333333333333,0.3333333333333333,0.3333333333333333,0.33333333333333337,0.33333333333333337,0.33333333333333337,0.33333333333333337,0.33333333333333337,0.33333333333333337],"nrestarts":0,"time":0.5382380485534668},"fpump":{"rounds":1.0,"obj":7.0,"gap":1.0,"time":0.06229400634765625},"tree":{"children":[{"step_obj":{"node":{"best_bound":-36.00000119491922,"state":"Integral","relaxation_state":"Optimal","solution":[-36.00000119491922,1.0,0.0,0.0,0.0,0.0,1.0,0.0,0.0,1.0,1.0,0.0,0.0,0.0,1.0,7.165282763396999e-10,2.893258439582031e-11,1.0,0.0,0.0,0.0,1.0,0.0,0.0,1.0,0.0,0.0,1.0,0.0,1.0,0.0,0.0,1.0,0.0,0.0,1.0,0.0,0.0,1.0,0.0,1.0,0.0,1.76407171914557e-10,1.0,0.0,0.0,0.0,1.0,0.0,0.0,0.0,1.0,1.0,0.0,0.0,1.0,5.765930559065264e-10,0.0,0.0,1.0,0.0,1.0,0.0,2.8618418256368454e-11,0.0,0.0,1.0,0.0,1.0,1.764971964734949e-10,1.0,1.2945822284028016e-10,0.0,1.0,0.0,0.0,1.0,0.0,1.7668127538234438e-10,1.0,0.0,0.0,0.0,1.0,0.0,0.0,1.0,0.0,1.0,5.77310734644846e-10,0.0,1.0,0.0,1.764584586176869e-10,1.0,0.0,8.474942578572807e-11,0.0,1.0,1.281139148862528e-10,1.0,0.0,5.748783693451923e-10,1.0,0.0,0.0,1.0,0.0,0.0]}},"hash":"6804829775401471026"},{"step_obj":{"node":{"best_bound":-36.000001216322715,"state":"Integral","relaxation_state":"Optimal","solution":[-36.000001216322715,0.0,0.0,1.0,0.0,1.0,0.0,0.0,1.0,0.0,0.0,0.0,1.0,1.0,7.666942347665786e-10,0.0,1.0,0.0,3.982457236607845e-11,0.0,1.0,0.0,0.0,1.0,0.0,0.0,1.0,0.0,1.0,0.0,0.0,1.0,0.0,0.0,1.0,0.0,0.0,1.0,0.0,0.0,0.0,1.8065200836608373e-10,1.0,0.0,0.0,1.0,1.0,0.0,0.0,0.0,1.0,0.0,0.0,0.0,1.0,6.271419213253915e-10,0.0,1.0,1.0,0.0,0.0,0.0,4.0988852762203315e-11,1.0,0.0,1.0,0.0,1.0,1.8066173607339924e-10,0.0,2.046276228823676e-10,0.0,1.0,0.0,0.0,1.0,0.0,1.8076653334944164e-10,1.0,0.0,0.0,1.0,1.0,9.701880484024778e-9,0.0,1.0,0.0,0.0,6.364610024906652e-10,0.0,1.0,0.0,1.8065961584947568e-10,1.0,0.0,3.967102575434089e-11,1.0,1.0,1.8471212925963308e-10,0.0,0.0,6.295955519514099e-10,1.0,0.0,0.0,1.0,0.0,0.0,1.0]}},"hash":"15037465152478483807"}],"step_obj":{"state":"Normal","gain_gap":0.0,"nrestarts":0,"strong_int_vars":[1,2,4,5,6,7,8,9,10,11,12,13,14,15,16,17,18,19,20,21,22,23,24,25,26,28,30,31,32,33,34,35,36,37,38,39,40,41,42,44,45,46,48,49,50,51,53,55,56,57,58,59,61,62,63,64,65,68,69,70,71,72,73,74,75,77,79,80,82,84,85,86,87,88,89,90,91,92,94,95,96,97,98,99,100,101,102,103,105,106,107,108],"branch_time":0.0,"timestamp":19.940125942230225,"upd_gains_time":0.0,"node_idx_time":19.940037965774536,"var_idx":83,"obj_gain":{"minus_counter":[1,1,0,1,1,1,1,1,1,1,1,1,1,1,1,1,1,1,1,1,1,1,1,1,1,1,0,1,0,1,1,1,1,1,1,1,1,1,1,1,1,1,0,1,1,1,0,1,1,1,1,0,1,0,1,1,1,1,1,0,1,1,1,1,1,0,0,1,1,1,1,1,1,1,1,0,1,0,1,1,0,1,0,1,1,1,1,1,1,1,1,1,0,1,1,1,1,1,1,1,1,1,1,0,1,1,1,1],"minus":[102.00000362992492,102.00000362730152,0.0,99.00000360032847,99.0000035537158,99.00000359939898,99.00000342616552,99.00000342646263,99.00000342702633,102.00000350778818,102.00000350812242,102.00000351957773,96.00000350715482,99.00000369173092,96.00000352885954,96.00000342300606,96.00000342221047,96.00000342351488,105.00000346970745,105.0000034695631,105.00000346959392,102.00000359228446,102.0000035873122,102.00000363025616,108.00000364700038,108.00000364702177,0.0,102.00000347305047,0.0,108.0000036746357,108.00000364810465,108.00000364698106,108.0000036467841,99.0000034488296,99.00000344111173,99.00000346049003,102.00000349440201,102.00000350425776,102.00000350564086,102.00000347300448,102.00000344877391,102.00000344963942,0.0,105.00000363267785,105.00000364079133,96.00000340002448,0.0,96.00000342511191,99.00000348411926,102.00000356923819,99.0000034859446,0.0,102.00000347779782,0.0,102.00000353006389,102.00000352669315,105.00000355745051,108.00000364506927,108.00000364699258,0.0,102.00000359868386,99.00000344997578,102.00000347677197,102.0000035310176,102.00000354861815,0.0,0.0,108.0000035886596,108.00000358920806,102.00000346751644,99.00000337567967,99.00000338030308,99.00000350883822,96.00000343912839,96.00000343146634,0.0,105.00000346757868,0.0,108.00000367632931,108.00000367630743,0.0,108.00000358475765,0.0,99.0000034289291,99.00000331162968,99.00000331287609,105.00000354910293,96.00000342782599,96.00000343257952,96.00000352851562,105.0000035784814,105.0000035822731,0.0,105.00000361074481,105.0000035585752,105.0000035584986,99.00000349916702,99.00000349464204,99.00000350083863,105.00000366282082,105.00000366277133,105.0000036586658,102.00000362567425,0.0,102.00000359874159,102.00000353867938,102.0000035344385,102.0000035697517],