{"relaxation":{"status":"Optimal","objval":-6.577088268510434e6,"solution":[-6.577088268510434e6,1.0,1.528083548290673e-14,0.0,1.0,0.0,0.0,0.0,6.24812333771566e-15,1.0,1.0,0.0,0.0,1.378838508508114e-14,0.0,1.0,1.0,0.0,0.0,0.0,1.0,0.0,0.0,1.0,0.0,6.208662363535308e-14,0.0,1.0,0.0,1.0,0.0,1.0,0.0,0.0,1.0,0.0,0.0,0.0,0.0,1.0,1.0,8.732061777119123e-15,0.0,0.0,1.0,0.0,0.0,1.0,0.0,0.0,1.0,0.0,2.0237831373954102e-15,0.0,1.0,0.0,0.0,1.0,1.0,3.9107199243405294e-15,0.0,1.0,6.437086687654013e-14,0.0,0.0,0.0,1.0,0.0,0.0,1.0,0.0,0.0,1.0,4.426662540419618e-15,1.0,0.0,0.0,1.0,0.0,0.0,1.0,0.0,5.223108087580172e-15,1.0,0.0,0.0,0.0,1.0,0.0,1.6599954775434614e-14,1.0,0.0,3.626550359846822e-14,1.0,0.0,1.0,0.0,0.0,0.0,1.0,0.0,0.0,1.0,0.0,0.0,1.0,1.9444029597058358e-15,0.0,1.0,0.0,0.0,1.0,1.53343701056086e-14,1.0,0.0,4.65075551771329e-14,0.0,1.0,0.9999999029082397,1.0709175188848106e-7,0.0,1.0,0.0,0.0,0.0,1.0,0.0,3.090488222825576e-14,0.0,1.0,0.0,0.0,1.0,0.0,0.0,1.0,0.0,0.0,1.0,0.0,0.0,1.0,0.0,1.0,0.0,1.0,0.0,0.0,0.0,2.9924967288754993e-7,0.9999997107503158,1.0,0.0,0.0,0.0,0.0,1.0,0.9999979217733566,2.0882266150498875e-6,0.0,0.0,4.1006951130166486e-14,1.0,1.0,0.0,0.0,1.0,4.1499016365263646e-14,0.0,0.0,0.0,1.0,0.0,3.112195508782663e-14,1.0,1.0,0.0,0.0,1.0,0.0,0.0,0.0,0.0,1.0,0.0,0.0,1.0,0.0,0.0,1.0,0.9999992440291635,7.659708326347305e-7,0.0,0.0,2.2073872043793135e-14,1.0,0.0,4.890434220046747e-16,1.0,1.0,0.0,0.0,0.0,0.0,1.0,1.0,0.0,0.0,1.0,0.0,0.0,0.0,7.663775760498449e-15,1.0,0.0,0.0,1.0,3.9697986084758914e-14,1.0,0.0,0.0,0.0,1.0,2.446259725253757e-7,0.9999997653740076,0.0,1.2514286224459685e-14,0.0,1.0,1.0,0.0,0.0,0.0,0.0,1.0,0.0,1.0,0.0,1.0,0.0,0.0,0.9999989229127747,1.0870872199532384e-6,0.0,0.0,0.0,1.0,1.0,0.0,0.0,0.0,1.0,0.0,3.253601121685458e-7,0.0,0.9999996846398705,0.0,1.0,0.0,1.0,0.0,0.0,1.0,0.0,0.0,1.0,9.510251086731367e-15,0.0,0.0,1.0605803265778862e-14,1.0,0.0,3.088967329885009e-14,1.0,1.0,0.0,0.0,1.0,0.0,0.0,1.0,0.0,2.715406148923895e-15,0.0,1.0,0.0,0.0,0.0,1.0,0.0,0.0,1.0,0.0,0.0,1.0,0.0,1.392804058412744e-14,1.0,0.0,0.0,1.0],"nrestarts":0,"time":0.9351050853729248},"fpump":{"rounds":1.0,"obj":-6.577088e6,"gap":4.082512410434861e-8,"time":0.11034798622131348},"solution":{"best_bound":-6.577088268510434e6,"status":"Optimal","objval":-6.577088e6,"solution":[-6.577088e6,1.0,0.0,0.0,1.0,0.0,0.0,0.0,0.0,1.0,1.0,0.0,0.0,0.0,0.0,1.0,1.0,0.0,0.0,0.0,1.0,0.0,0.0,1.0,0.0,0.0,0.0,1.0,0.0,1.0,0.0,1.0,0.0,0.0,1.0,0.0,0.0,0.0,0.0,1.0,1.0,0.0,0.0,0.0,1.0,0.0,0.0,1.0,0.0,0.0,1.0,0.0,0.0,0.0,1.0,0.0,0.0,1.0,1.0,0.0,0.0,1.0,0.0,0.0,0.0,0.0,1.0,0.0,0.0,1.0,0.0,0.0,1.0,0.0,1.0,0.0,0.0,1.0,0.0,0.0,1.0,0.0,0.0,1.0,0.0,0.0,0.0,1.0,0.0,0.0,1.0,0.0,0.0,1.0,0.0,1.0,0.0,0.0,0.0,1.0,0.0,0.0,1.0,0.0,0.0,1.0,0.0,0.0,1.0,0.0,0.0,1.0,0.0,1.0,0.0,0.0,0.0,1.0,1.0,0.0,0.0,1.0,0.0,0.0,0.0,1.0,0.0,0.0,0.0,1.0,0.0,0.0,1.0,0.0,0.0,1.0,0.0,0.0,1.0,0.0,0.0,1.0,0.0,1.0,0.0,1.0,0.0,0.0,0.0,0.0,1.0,1.0,0.0,0.0,0.0,0.0,1.0,1.0,0.0,0.0,0.0,0.0,1.0,1.0,0.0,0.0,1.0,0.0,0.0,0.0,0.0,1.0,0.0,0.0,1.0,1.0,0.0,0.0,1.0,0.0,0.0,0.0,0.0,1.0,0.0,0.0,1.0,0.0,0.0,1.0,1.0,0.0,0.0,0.0,0.0,1.0,0.0,0.0,1.0,1.0,0.0,0.0,0.0,0.0,1.0,1.0,0.0,0.0,1.0,0.0,0.0,0.0,0.0,1.0,0.0,0.0,1.0,0.0,1.0,0.0,0.0,0.0,1.0,0.0,1.0,0.0,0.0,0.0,1.0,1.0,0.0,0.0,0.0,0.0,1.0,0.0,1.0,0.0,1.0,0.0,0.0,1.0,0.0,0.0,0.0,0.0,1.0,1.0,0.0,0.0,0.0,1.0,0.0,0.0,0.0,1.0,0.0,1.0,0.0,1.0,0.0,0.0,1.0,0.0,0.0,1.0,0.0,0.0,0.0,0.0,1.0,0.0,0.0,1.0,1.0,0.0,0.0,1.0,0.0,0.0,1.0,0.0,0.0,0.0,1.0,0.0,0.0,0.0,1.0,0.0,0.0,1.0,0.0,0.0,1.0,0.0,0.0,1.0,0.0,0.0,1.0],"nbranches":0,"time":1.0458550453186035},"info":{"disc2var_idx":[1,2,3,4,5,6,7,8,9,10,11,12,13,14,15,16,17,18,19,20,21,22,23,24,25,26,27,28,29,30,31,32,33,34,35,36,37,38,39,40,41,42,43,44,45,46,47,48,49,50,51,52,53,54,55,56,57,58,59,60,61,62,63,64,65,66,67,68,69,70,71,72,73,74,75,76,77,78,79,80,81,82,83,84,85,86,87,88,89,90,91,92,93,94,95,96,97,98,99,100,101,102,103,104,105,106,107,108,109,110,111,112,113,114,115,116,117,118,119,120,121,122,123,124,125,126,127,128,129,130,131,132,133,134,135,136,137,138,139,140,141,142,143,144,145,146,147,148,149,150,151,152,153,154,155,156,157,158,159,160,161,162,163,164,165,166,167,168,169,170,171,172,173,174,175,176,177,178,179,180,181,182,183,184,185,186,187,188,189,190,191,192,193,194,195,196,197,198,199,200,201,202,203,204,205,206,207,208,209,210,211,212,213,214,215,216,217,218,219,220,221,222,223,224,225,226,227,228,229,230,231,232,233,234,235,236,237,238,239,240,241,242,243,244,245,246,247,248,249,250,251,252,253,254,255,256,257,258,259,260,261,262,263,264,265,266,267,268,269,270,271,272,273,274,275,276,277,278,279,280,281,282,283,284,285,286,287,288,289,290,291,292,293,294,295,296,297,298,299,300],"sense":"Min","var2disc_idx":[-1,0,1,2,3,4,5,6,7,8,9,10,11,12,13,14,15,16,17,18,19,20,21,22,23,24,25,26,27,28,29,30,31,32,33,34,35,36,37,38,39,40,41,42,43,44,45,46,47,48,49,50,51,52,53,54,55,56,57,58,59,60,61,62,63,64,65,66,67,68,69,70,71,72,73,74,75,76,77,78,79,80,81,82,83,84,85,86,87,88,89,90,91,92,93,94,95,96,97,98,99,100,101,102,103,104,105,106,107,108,109,110,111,112,113,114,115,116,117,118,119,120,121,122,123,124,125,126,127,128,129,130,131,132,133,134,135,136,137,138,139,140,141,142,143,144,145,146,147,148,149,150,151,152,153,154,155,156,157,158,159,160,161,162,163,164,165,166,167,168,169,170,171,172,173,174,175,176,177,178,179,180,181,182,183,184,185,186,187,188,189,190,191,192,193,194,195,196,197,198,199,200,201,202,203,204,205,206,207,208,209,210,211,212,213,214,215,216,217,218,219,220,221,222,223,224,225,226,227,228,229,230,231,232,233,234,235,236,237,238,239,240,241,242,243,244,245,246,247,248,249,250,251,252,253,254,255,256,257,258,259,260,261,262,263,264,265,266,267,268,269,270,271,272,273,274,275,276,277,278,279,280,281,282,283,284,285,286,287,288,289,290,291,292,293,294,295,296,297,298,299],"nintvars":0,"nbinvars":300}}