{"relaxation":{"status":"Optimal","objval":0.8315367367148588,"solution":[0.8315367367148588,1.385145536227658e-6,85.71428942173762,57.14285971438468,85.71428945132969,24.285714886549343,32.85714482800525,57.142859925311384,28.571429526018328,57.14285832923913,2.9592136266791802e-8,7.472770532965706e-8,24.28571481182165,32.85714477249151,2.592160146647017e-8,1.5198014180212647e-6,7.627083486608962e-8,3.5327268725632455e-8,28.571429490691077,77.14285359765215,137.1428555954647,28.57142976049687,24.285714866066595,4.285715087821215,28.5714298111057,28.571429829118284,28.571429811105705,0.49999999830782926,0.42499999103042974,0.07500001066174097,0.33333333326328435,0.3333333334734312,0.33333333326328446,1.0,3.623615007993307e-10,0.0,0.13043478556934535,0.7391304078425888,0.13043480658806586,0.5000000023478368,0.424999993252434,0.07500000439972902,0.0,0.15000001111366892,0.8499999988862541,0.85,0.9999999996376502,0.85,0.85,0.19047620281087765,0.28571429933654047],"nrestarts":0,"time":1.0850279331207275},"fpump":{"rounds":3.0,"obj":1.567071984545516,"gap":0.4693691515670724,"time":0.931455135345459},"tree":{"children":[{"step_obj":{"node":{"best_bound":null,"state":"Infeasible","relaxation_state":"Infeasible"}},"hash":"7671064434102564312"},{"step_obj":{"node":{"best_bound":null,"state":"Error","relaxation_state":"Error"}},"hash":"12622462908771451530"}],"step_obj":{"state":"GlobalInfeasible","gain_gap":0.0,"nrestarts":1,"strong_int_vars":[],"branch_time":0.0,"timestamp":0.22347712516784668,"upd_gains_time":0.0,"node_idx_time":0.22339200973510742,"var_idx":0,"obj_gain":{"minus_counter":[0,0],"minus":[0.0,0.0],"plus":[0.23947000345376745,0.0],"plus_counter":[1,0]},"counter":1,"upd_gains":"None","node":{"best_bound":1.025393403223645,"level":1,"state":"Done","relaxation_state":"Optimal","var_idx":0},"idx_time":0.2233898639678955},"hash":"1830929033722370087"},"obj_gain":[[0.0,0.0,0.0,0.0],[0.0,0.0,0.0,0.0]],"solution":{"best_bound":1.567071984545516,"status":"Optimal","objval":1.567071984545516,"solution":[1.567071984545516,5.933771263913753e-6,85.7142929077908,57.14286319369027,85.71429302427278,24.2857164167024,32.85714677702305,57.14286231899973,28.571430705273073,57.14285725991898,1.1648201240451373e-7,2.736174368489002e-7,24.285716143084972,32.85714652590061,1.34640426939464e-7,4.697609537039046e-6,3.614712205839894e-7,1.9171336405723252e-7,28.571430513559722,77.1428483111591,137.14285284727887,28.57143071855426,24.28571597090123,4.285716504234778,28.571430984456892,28.57143105535898,28.571430984456903,0.49999998462991135,0.42499998448770177,0.07500003088238685,0.33333333305760293,0.33333333388479386,0.3333333330576031,0.9999999860784564,2.392008625158079e-8,0.0,0.13043477782871676,0.7391303802120701,0.13043484195921323,0.5000000019367425,0.4249999940064582,0.07500000405679905,0.0,0.15000001072684363,0.8499999992731448,0.85,0.9999999760799163,0.85,0.85,1.0,1.0],"nbranches":1,"time":2.2402701377868652},"info":{"disc2var_idx":[49,50],"sense":"Min","var2disc_idx":[-1,-1,-1,-1,-1,-1,-1,-1,-1,-1,-1,-1,-1,-1,-1,-1,-1,-1,-1,-1,-1,-1,-1,-1,-1,-1,-1,-1,-1,-1,-1,-1,-1,-1,-1,-1,-1,-1,-1,-1,-1,-1,-1,-1,-1,-1,-1,-1,-1,0,1],"nintvars":0,"nbinvars":2}}