{"relaxation":{"status":"Optimal","objval":8.536266504956881,"solution":[8.536266504956881,4.731584534712518e-9,2.5646633032506924e-8,0.5148442578189402,0.4851557118028424,0.0,1.6884316591516653e-8,2.718180140102282e-8,0.9999999573880564,0.0,1.840568933741172e-8,1.0580270313376906e-8,0.9999999716112977,0.0,8.610177185698698e-9,1.1020063529047464e-8,0.9999999843162429,0.0,0.08425719163532351,0.0,0.9157428263596233,0.0,0.0,1.3321614047926418e-7,0.9999998856920637,0.0,0.9999999941554388,1.4572723052934403e-8,0.0,1.0,0.0,1.2064204596825903e-8,0.0,1.0,0.0,1.1384291160120787e-8,0.0,0.8526908361311044,0.0,0.1473091829076852,0.0,0.0,1.0,1.2076355255661957e-8,0.0,0.0,1.0,1.1706232864873766e-8,0.0,0.0,1.047674277502205e-8,1.0,0.0,0.0,1.0668024598962877e-8,1.0,0.0,0.0,1.0829619151859213e-8,1.0,0.0,0.24025355994421663,0.22148301794781924,0.18587937659935244,0.11720806629034373,0.20648404942008466,0.18719064021883386,0.18667204034282936,0.08260497150936186,0.16959250363138328,0.16560924517728326,0.1817418262294185,0.06461100238291599,0.15818317401134624,0.14258486473630363,0.14681098177368687,0.03333337100404384,0.1611493245633801,0.09179483222278284,0.15762507659491776,0.027717660133950876,0.14415111041231068,0.14288149771780306,0.09471698100388073,0.0,0.14851580999230413,0.08505656047236426,0.14122965346297467,0.14554007074928316,0.004167009740831633,0.2432526340710664,0.07787300075228908,0.24340131179016367,0.010013590497566682,0.2559506645865729,0.09305111390765312,0.2561234342501322,0.028984150749529033,0.26533903350580784,0.0970967523356489,0.26623822714458967,0.2386918828903852,0.03786622974167587,0.07692286278577004,0.2389811314792464,0.1790527921066309,0.029014940503395318,0.06354327879468169,0.1777381176564414,0.21189718840645266,0.08116895996617471,0.005877591446002181,0.20841868327985635,0.2133131982454735,0.07021223416867742,0.010779400875481706,0.21006212068606123,0.2630834918860332,0.07517627192573637,0.03314400949067607,0.26059801280283834,1.633339571365953,3.246678701764435,3.853347483558769,4.826683804460815,32.526440804745064,99.0326680214987,5.336685963801162,48.510270454580876,44.13523967553833,24.520000327420345,36.926666786981535,50.08666667715813,16.186668640808858,23.52000093699597,38.52666679667272,0.2491873397821841,0.26819180849749497,0.2489686476452247,0.16088964267726785,1.0771657833735622,0.0,0.4539201463984321,0.2021425790500701,0.4419520398497711,0.9567154296350537,1.3982735137551099,1.4532615206264652,0.09513856931408944,0.25353143631536507,1.2769280482392698,0.34225725988318717,0.3043825604304033,0.27950574920623794,0.3069435694417055,-0.80843127024567,-0.813792370036356,-0.8137923601543514,-0.8804305494760158,0.0528591635962029,0.03739862683279661,0.01473546377373341,0.012702342604033025,0.04957356836104636,0.03434653274989969,0.03530303428372955,0.00934163021354162,0.06314146226734811,0.06556549238707611,0.08150944862054227,0.044551761208613185,0.042721005398045346,0.031044509964673894,0.03631567192105457,0.002360729960882684,0.048730192027844725,0.004871891344771198,0.04534080760604231,0.007432899525836129,0.04522834334577445,0.044014994861244855,0.027758896221191577,0.0,0.056078725891019574,0.03082404003915844,0.06539517156364337,0.05968414263931179,0.0022501499348443472,0.0760387785365247,0.06436132957838907,0.07601769123264439,0.010013600173590657,0.0874380007894876,0.0769368230982463,0.08740149899886872,0.0,0.0748027031993772,0.06275150148752977,0.074690725253231,0.06260328948303849,0.02338308963745834,0.05321238558150509,0.06268057194801545,0.04449277520205181,0.0,0.029277119138889068,0.04261888414735801,0.06250100427415313,0.03802890925464676,0.005877600948574858,0.055886943541583016,0.06855685937608753,0.037693247270097874,0.0,0.06328987944146765,0.09048239600788639,0.05262424121247672,0.021616049271281298,0.08675552656646814,0.18739439634801372,0.18408439111502262,0.17114391282561903,0.10450572368631071,0.1569104810590383,0.15284410746893418,0.15136900605909984,0.07326334129582023,0.10645104136403517,0.10004375279020714,0.10023237760887625,0.02005924117430281,0.1154621686133009,0.11154035477162974,0.11049530985263228,0.030972641043161157,0.11241913253553538,0.08692294087801164,0.11228426898887546,0.02028476060811475,0.09892276706653624,0.09886650285655821,0.06695808478268916,0.0,0.09243708410128455,0.05423252043320581,0.0758344818993313,0.08585592810997136,0.0019168598059872855,0.1672138555345417,0.013511671173900008,0.1673836205575193,0.0,0.16851266379708532,0.016114290809406837,0.16872193525126342,0.02898416036552393,0.19053633030643066,0.034345250848119145,0.19154750189135866,0.1760885934073467,0.014483140104217527,0.023710477204264956,0.17630055953123094,0.13456001690457908,0.029014950013675374,0.03426615965579263,0.13511923350908342,0.14939618413229955,0.043140050711527954,0.0,0.15253173973827333,0.144756338869386,0.032518986898579544,0.010779409952191996,0.14677224124459357,0.1726010958781468,0.022552030713259643,0.011527960219394772,0.1738424862363702,0.24918734727628053,0.2681918159915914,0.24896865513932112,0.16088965017136428,1.0771657908676586,6.430415184928865e-9,0.45392015389252854,0.2021425865441665,0.4419520473438675,0.9567154371291501,1.3982735212492063,1.4532615281205616,0.09513857680818581,0.25353144380946147,1.2769280557333662,0.750028884913638,0.5000001326411737,0.25003273493646605,0.7500288773343533,0.5000001154077003,0.2500326886842891,0.7500288919980065,0.5000001316575801,0.2500327455216552,0.750028993696968,0.500000361625006,0.4999973822854331,0.2500330587964352,0.7499680072066407,0.4999999761402134,0.49999996713450806,0.249971473257899,0.2499713295205092,0.2499712720191249,0.9978064551849041,0.9955278434163234,0.9939761871956657,0.9924886765236851,0.9907724132415014,0.9880335085188345,0.7500289367767659,0.5000000657786692,0.2500322537511192,0.7500292922327204,0.5000002160408775,0.5000001611864724,0.250033322375469,0.25003227803971523,0.7500289474322194,0.5000000812331113,0.5000000589331058,0.2500322359943845,0.2500320584289393,6.707286820846868e-8,1.6102085826403925e-8,1.5641212457765026e-8,1.4009333031817335e-8,1.044011107015844e-8,1.9724854606616602e-9,3.668148102728894e-8,1.5453844539638871e-10,2.886476257990592e-9,3.1685126821699282e-9,0.0,3.272764276745729e-8,0.0,0.0,7.453182947153211e-7,1.3036057903446518e-7,5.705695443886996e-8,2.673581572549721e-7,3.896726805721944e-8,1.613700161326712e-8,4.116379674493703e-8,3.8474223410448903e-10,2.0104327155893565e-9,0.0],"nrestarts":0,"time":3.568182945251465},"fpump":{"rounds":1.0,"obj":8.211492707511594,"gap":0.03955112779290361,"time":6.2325098514556885},"tree":{"children":[{"step_obj":{"node":{"best_bound":8.992699737633556,"state":"Branch","relaxation_state":"Optimal"}},"hash":"16819127477672040940"},{"step_obj":{"node":{"best_bound":8.587294671836581,"state":"Branch","relaxation_state":"Optimal"}},"hash":"17539067741377201363"}],"step_obj":{"state":"Normal","gain_gap":0.0,"nrestarts":0,"strong_int_vars":[1,5,9,18,20,21,22,28,31,32,33,35,36,37],"branch_time":0.0,"timestamp":25.669682025909424,"upd_gains_time":0.0,"node_idx_time":25.669600009918213,"var_idx":299,"obj_gain":{"minus_counter":[1,0,0,0,1,0,0,0,1,0,0,0,0,0,0,0,0,1,0,1,1,1,0,0,0,0,0,1,0,0,1,1,1,0,1,1,1,0,0,0,0,0,0,0,0,0,0,0,0,0,0,0,0,0,0,0,0,0,0,0,0,0],"minus":[0.9002866033006259,0.0,0.0,0.0,0.9128662546497596,0.0,0.0,0.0,0.4301084080200104,0.0,0.0,0.0,0.0,0.0,0.0,0.0,0.0,0.022264186228601865,0.0,0.6673702113470042,0.5728486971117597,0.5680837298483616,0.0,0.0,0.0,0.0,0.0,0.296129207005898,0.0,0.0,0.4695368214186492,0.35008237224027156,0.2522353686717623,0.0,0.4695368730649606,0.4695369182557786,0.24703209601957893,0.0,0.0,0.0,0.0,0.0,0.0,0.0,0.0,0.0,0.0,0.0,0.0,0.0,0.0,0.0,0.0,0.0,0.0,0.0,0.0,0.0,0.0,0.0,0.0,0.0],