{"relaxation":{"status":"Optimal","objval":18.850070226517495,"solution":[18.850070226517495,6.830564274554257e-9,0.9999999931694358,0.0,1.0,0.0,1.0,0.0,1.0,0.0,1.0,0.0,1.0,0.0,1.0,1.0,0.0,1.0,0.0,1.0,0.0,1.0,0.0,0.0,1.0,0.6766955518783184,0.3233044481216815,0.0,1.0,1.0,0.0,0.24257716168797747,0.11464706270588099,0.20845556490424091,0.0800439714735774,0.16742662878185352,0.06717202119714887,0.1597345405993927,0.03117291098515722,0.15817811660983808,0.025156660343852413,0.14348988461247297,0.002560990200283727,0.1428542631811904,0.043229670535344454,0.008083730270284526,0.24217213834754203,0.018430630269720725,0.25429928288554593,0.02506743060132929,0.2672550960561482,0.015196589907576025,0.24171585855628186,0.18156711634541936,0.03762318995032977,0.06615168981477554,0.08563736044863132,0.21589922934143393,0.08073554998764156,0.082117389928199,0.26634160829447906,5.95999603858222,42.093305443694966,99.27993556248238,59.05337484139766,53.733370708587046,37.726666918342495,59.6466668030991,59.273333334182745,0.2315870609369329,0.3212431305511039,0.31973881282850064,0.185790415178412,1.0589269286812852,0.25425479905448584,0.28502761785910036,0.4773714134652932,0.9903397598606626,0.9457105113629461,0.9064257976002048,3.043966768681954,1.8943650505360614,3.067950845024855,4.867371314895699,0.3400070996775335,0.30438256004027003,-0.8022643901460176,-0.8804305398154819,0.051447224533215034,0.010141331280816521,0.048179219012305784,0.006780620664664662,0.05845800222595498,0.047112770486180316,0.041362506349263035,0.00020026038018522196,0.047272264226217,0.0048718900998021295,0.044387186584707305,0.0025609999849707465,0.051958803513906374,0.030824040339796268,0.0,0.07333762825785745,0.012263760369102397,0.08433321595114562,0.0022501503888890995,0.07236197070551846,0.012241429719545971,0.06130560054005354,0.04347436507861282,0.0,0.054623729819163344,0.01899919033670973,0.06735935823583851,0.02487680010621485,0.08211739971981058,0.08512735371697115,0.19112993715476242,0.10450573142506446,0.16027634589193512,0.07326335080891273,0.10896862655589855,0.02005925071096854,0.11837203425012965,0.030972650604972,0.11090585238362108,0.02028477024405028,0.09910269802776565,0.0,0.09089545966728403,0.012405630195548184,0.00808373989641703,0.1688345100896846,0.0061668699006183275,0.1699660669344003,0.022817280212440193,0.19489312535062978,0.002955160188030052,0.18041025801622831,0.13809275126680653,0.03762319984645472,0.0115279599956122,0.0666381701119216,0.1485398711055954,0.05585874988142671,0.0,0.18121425457750792,0.23158706843102933,0.3212431380452003,0.31973882032259704,0.18579042267250842,1.0589269361753817,0.25425480654858224,0.2850276253531968,0.47737142095938967,0.9903397673547589,0.9457105188570426,0.9064258050943013,3.0439667761760503,1.8943650580301579,3.0679508525189516,4.867371322389796,0.9999858520793583,0.9999854235339588,0.999985722854287,1.475405131563158e-5,1.4637827836912484e-5,1.0934513375409911e-7,2.4051928336606343e-8,4.7927076194337344e-8,2.8633028169772564e-10],"nrestarts":0,"time":1.0828309059143066},"fpump":{"rounds":1.0,"obj":18.850070166680137,"gap":3.1743838431574184e-9,"time":0.17891883850097656},"solution":{"best_bound":18.850070226517495,"status":"Optimal","objval":18.850070166680137,"solution":[18.850070166680137,6.7997263652035426e-9,0.9999999932002736,0.0,1.0,0.0,1.0,0.0,1.0,0.0,1.0,0.0,1.0,0.0,1.0,1.0,0.0,1.0,0.0,1.0,0.0,1.0,0.0,0.0,1.0,0.67669555195219,0.32330444804781,0.0,1.0,1.0,0.0,0.24284719292383614,0.11464706270588025,0.20900958019095356,0.08004397147357663,0.172772820968769,0.06717202119714791,0.16057447177870818,0.03117291098515574,0.1637884532431474,0.025156660343851608,0.14802185680828964,0.002560990200282799,0.15092994625048825,0.04322967053534518,0.008083730270287103,0.2456619373121328,0.0184306302697233,0.258951713257726,0.025067430601330674,0.2736255734642669,0.01519658990757336,0.24454190004817805,0.18220693881968678,0.03762318995033065,0.0661516898147743,0.08563736044863215,0.21817550527195595,0.0807355499876425,0.08211738992819657,0.26564951661265274,5.96,42.0933333333333,99.28,59.0533333333333,53.7333333333333,37.7266666666667,59.6466666666667,59.2733333333333,0.23158706093269096,0.32124313053134257,0.31973881261106807,0.1857905386210111,1.058927627953641,0.25425495959699995,0.285027617382515,0.47737107591309996,0.9903390685619043,0.9457105026970872,0.9064257938913537,3.0439667681890277,1.8943650504984104,3.067950844216029,4.867371315083957,0.34000709967753157,0.3043825600402701,-0.8022643901460169,-0.8804305398154827,0.05151598725162474,0.010141331280816611,0.04831457504748923,0.006780620664664726,0.06325850378417644,0.047112770486180226,0.04156049650196672,0.00020026038018485846,0.048396341636047314,0.004871890099802191,0.04639228780467743,0.002560999984970659,0.056205256923984925,0.030824040339796223,0.0,0.0773475063859831,0.012263760369104336,0.08923590747904944,0.002250150388891051,0.07745451637473753,0.012241429719544027,0.06523329066674644,0.04503865889563037,0.0,0.054623729819161436,0.018999190336709784,0.06834148511846909,0.024876800106214934,0.08211739971980868,0.0891772933968019,0.19133120567221137,0.10450573142506364,0.16069500514346433,0.0732633508089119,0.10951431718459258,0.020059250710967688,0.11901397527674147,0.030972650604970883,0.11539211160710007,0.020284770244049417,0.1016295690036122,0.0,0.09472468932650333,0.012405630195548958,0.008083739896417662,0.16831443092614967,0.006166869900618962,0.16971580577867654,0.022817280212439624,0.19617105708952937,0.0029551601880293335,0.17930860938143162,0.13716827992405642,0.03762319984645553,0.01152795999561286,0.06663817011192237,0.14983402015348685,0.05585874988142757,0.0,0.17647222321585085,0.2315870684267874,0.32124313802543897,0.3197388201051645,0.1857905461151075,1.0589276354477375,0.25425496709109635,0.2850276248766114,0.4773710834071964,0.9903390760560008,0.9457105101911837,0.9064258013854501,3.043966775683124,1.8943650579925069,3.067950851710125,4.867371322578053,1.0,1.0,1.0,0.0,0.0,0.0,0.0,0.0,0.0],"nbranches":0,"time":1.2622709274291992},"info":{"disc2var_idx":[163,164,165,166,167,168,169,170,171],"sense":"Min","var2disc_idx":[-1,-1,-1,-1,-1,-1,-1,-1,-1,-1,-1,-1,-1,-1,-1,-1,-1,-1,-1,-1,-1,-1,-1,-1,-1,-1,-1,-1,-1,-1,-1,-1,-1,-1,-1,-1,-1,-1,-1,-1,-1,-1,-1,-1,-1,-1,-1,-1,-1,-1,-1,-1,-1,-1,-1,-1,-1,-1,-1,-1,-1,-1,-1,-1,-1,-1,-1,-1,-1,-1,-1,-1,-1,-1,-1,-1,-1,-1,-1,-1,-1,-1,-1,-1,-1,-1,-1,-1,-1,-1,-1,-1,-1,-1,-1,-1,-1,-1,-1,-1,-1,-1,-1,-1,-1,-1,-1,-1,-1,-1,-1,-1,-1,-1,-1,-1,-1,-1,-1,-1,-1,-1,-1,-1,-1,-1,-1,-1,-1,-1,-1,-1,-1,-1,-1,-1,-1,-1,-1,-1,-1,-1,-1,-1,-1,-1,-1,-1,-1,-1,-1,-1,-1,-1,-1,-1,-1,-1,-1,-1,-1,-1,-1,0,1,2,3,4,5,6,7,8],"nintvars":0,"nbinvars":9}}