{"relaxation":{"restarts":[[-5.2793330867590615,-3.069659716160791,-3.7458606332786504,-9.841814332188786,-0.22774339840997726,-5.780635956829281,9.038326796714678,9.998093177972272,-4.966756339360563,9.733327337975993,1.115021746491447,-1.2578405078074972,-1.5056429900973711,5.46446096914754,-4.376195354285404,-5.810552536038585,-4.972415804155501,-9.592502625746654,-4.245969754486212,7.1902427217532185,-8.46098226237582,2.8079249197987757,7.47088260541371,-4.428351599424429,5.026252655723402,2.8976670788418613,-8.443471120799305,6.963709620000653,-8.287296635910163,1.0641109091611547,-0.7329950815280242,-6.283573800546924,-7.760382460836657,9.52623763238718,-8.967707586513459,0.7605916241296651,-0.8861589674499282,-4.41209778654879,-6.43507792916628,0.9796574392505484,-2.580586742770623,7.883318385315189,2.961074964463787,-1.6592129223178773,-7.108689151727887,2.4480636564136216,7.4466887074839505,0.4994931323355889,-5.168187834574072,7.696738511468254,-1.182051532537777,-1.9065472260195993,4.735736038207193,9.076068463017151,-8.096288152050754,0.3935066358746031,-9.729193348451123,-3.932023755887024,4.051142710309158,1.9307401376549507,2.7786967938724203,0.8723474485143243,0.548635145519931,0.26299203233756496,0.5264433516590159,0.46501931862871637,0.27551933532993544,0.4618225911804512,0.9518613955904869,0.28873732530669916]],"status":"Optimal","objval":5296.686202397293,"solution":[5296.686202397293,0.9418738038668636,-0.9418738038668636,-0.6193092698213664,0.6220958149393738,-0.5495930906074546,0.5596906046953614,0.38218319917150234,-0.38069073017863375,-1.3432060071201324,1.3432060071201324,0.35221229740511234,-0.3504069093925453,0.8979870773107121,-0.8979870773107121,-0.5428267770570808,0.5457747799055999,0.7211101921807584,-0.7071732229429192,-0.13063549891412504,0.27291249361467124,-0.1631615013737298,0.008189617893818078,-0.16117640967538496,-0.22190790145429426,-0.05100459216037696,-0.18683849862627017,0.09332370291859704,0.03899587004674573,-0.03890066966911014,-0.13882359032461503,0.12965646262474875,-0.09046982028896065,-0.3107587504232008,0.1293704899580708,-0.10151332081241511,-0.1892412495767993,-1.1000000041978242,-1.0906664506880392,-1.0539112063594684,-1.093210720068374,-1.0818305725138269,-1.099939108598053,-1.0892520280434763,-1.0998625962314612,-1.068280299529628,0.0,0.12509500007257698,0.16439154365492606,-0.04702187062251779,-0.075307108128267,0.011574424674542703,-0.022745677010155726,0.01738618256213241,-0.08623776277472955,0.8979870773107121,1.3432060071201324,0.9418738038668636,0.12965646262474875,0.03899587004674573,-0.13063549891412504,0.32732215153916744,1.0,1.0,1.0,0.7076967521257689,1.0,0.9999999558074479,1.0,1.0],"nrestarts":1,"time":3.412013053894043},"fpump":{"rounds":2.0,"obj":5296.686203261215,"gap":1.6310625504287332e-10,"time":10.130851030349731},"solution":{"best_bound":5296.686202397293,"status":"Optimal","objval":5296.686203261215,"solution":[5296.686203261215,0.9418738038794336,-0.9418738038794336,-0.619309269773811,0.6220958149204456,-0.5495930904589534,0.5596906046444711,0.38218319923496247,-0.38069073022618916,-1.3432060071132395,1.3432060071132395,0.35221229757653383,-0.3504069095410466,0.8979870776541583,-0.8979870776541583,-0.5428267771872216,0.5457747800776246,0.7211101921927937,-0.7071732228127784,-0.22634207662876202,0.2729124885134179,-0.16316150167124624,0.008189620183532621,-0.1611764078331749,-0.22190789856481938,-0.05100458994859851,-0.18683849832875377,0.09332369794994187,0.0003184340335261567,-0.03890066591849951,-0.13882359216682508,0.12965646890540256,-0.09046982816846452,-0.3107587521470517,0.129370494086964,-0.10151331813347449,-0.18924124785294835,1.1000000044348086,1.093354513967377,1.0848731567500973,1.093210720272225,1.0818305724207553,1.0999391085899932,1.0892520279226279,1.0998625962074067,1.0682802993226441,1.925929944387236e-34,-0.09361136558453419,-0.06159485546076598,0.047021868603951425,0.07530710635374666,-0.011574427317867753,0.022745674708221867,-0.017386185266452567,0.08623776115399968,0.8979870776541583,1.3432060071132395,0.9418738038794336,0.12965646890540256,0.0003184340335261567,-0.22634207662876202,1.0,1.0,1.0,1.0,1.0,1.0,1.0,1.0,1.0],"nbranches":0,"time":13.543156147003174},"info":{"disc2var_idx":[61,62,63,64,65,66,67,68,69],"sense":"Min","var2disc_idx":[-1,-1,-1,-1,-1,-1,-1,-1,-1,-1,-1,-1,-1,-1,-1,-1,-1,-1,-1,-1,-1,-1,-1,-1,-1,-1,-1,-1,-1,-1,-1,-1,-1,-1,-1,-1,-1,-1,-1,-1,-1,-1,-1,-1,-1,-1,-1,-1,-1,-1,-1,-1,-1,-1,-1,-1,-1,-1,-1,-1,-1,0,1,2,3,4,5,6,7,8],"nintvars":0,"nbinvars":9}}