{"relaxation":{"status":"Optimal","objval":328.9069489843708,"solution":[328.9069489843708,73.25293829886763,13.697227913662786,21.1842477980866,87.2533189804916,13.366668759090626,43.95627395287554,84.0241626162375,73.61933069571472,72.89714055555353,101.00058795100213,53.12079258986195,46.363024460539016,44.512784626312616,72.86749662469514,98.02830705033965,20.507701569275138,45.23661006796305,73.5849147808495,77.960207586131,47.86682852835467,10.111564492480813,49.12238587454556,87.02101823417134,86.34643109182265,6.618486353530794,45.772130496898015,4.976083455286396,94.51305273627572,81.91012930624366,29.131147338326294,0.0,8.64486686415499e-8,0.0,0.0,0.0,0.0,1.0,0.0,0.0,0.0,0.0,0.0,0.0,1.0,0.0,0.0,0.0,0.0,0.9999999657911455,0.0,1.3303663472757626e-7,0.0,0.0,0.0,0.0,1.0,0.0,0.0,0.0,1.0,0.0,0.0,0.0,0.0,0.0,0.0,1.0,0.0,0.0,4.3093778871580945e-8,0.0,0.0,3.8457225969348985e-8,0.0,1.0,0.0,1.0,0.0,0.0,0.0,0.0,0.0,0.0,0.9999999448622745,9.801359259363519e-8,0.0,1.0,0.0,0.0,0.0,0.0,2.3852240954045218e-8,0.0,0.9999998971896061,6.347537260453491e-8,0.0,0.0,0.0,8.734031163700552e-8,0.0,1.0,0.0,7.289095888679284e-8,0.0,0.0,4.4427741110372025e-8,0.0,0.0,0.0,0.0,0.0,0.0,0.0,1.0,0.0,0.0,0.0,0.0,5.292476579953877e-9,0.0,0.0,8.391555078523566e-8,0.0,0.0,0.0,0.0,1.0,0.9999999468653687,0.0,0.0,0.0,0.0,8.230880714505543e-8,0.0,0.0],"nrestarts":0,"time":1.4088730812072754},"solution":{"best_bound":0.0,"status":"Optimal","objval":328.9069489843708,"solution":[328.9069489843708,73.25293829886763,13.697227913662786,21.1842477980866,87.2533189804916,13.366668759090626,43.95627395287554,84.0241626162375,73.61933069571472,72.89714055555353,101.00058795100213,53.12079258986195,46.363024460539016,44.512784626312616,72.86749662469514,98.02830705033965,20.507701569275138,45.23661006796305,73.5849147808495,77.960207586131,47.86682852835467,10.111564492480813,49.12238587454556,87.02101823417134,86.34643109182265,6.618486353530794,45.772130496898015,4.976083455286396,94.51305273627572,81.91012930624366,29.131147338326294,0.0,8.64486686415499e-8,0.0,0.0,0.0,0.0,1.0,0.0,0.0,0.0,0.0,0.0,0.0,1.0,0.0,0.0,0.0,0.0,0.9999999657911455,0.0,1.3303663472757626e-7,0.0,0.0,0.0,0.0,1.0,0.0,0.0,0.0,1.0,0.0,0.0,0.0,0.0,0.0,0.0,1.0,0.0,0.0,4.3093778871580945e-8,0.0,0.0,3.8457225969348985e-8,0.0,1.0,0.0,1.0,0.0,0.0,0.0,0.0,0.0,0.0,0.9999999448622745,9.801359259363519e-8,0.0,1.0,0.0,0.0,0.0,0.0,2.3852240954045218e-8,0.0,0.9999998971896061,6.347537260453491e-8,0.0,0.0,0.0,8.734031163700552e-8,0.0,1.0,0.0,7.289095888679284e-8,0.0,0.0,4.4427741110372025e-8,0.0,0.0,0.0,0.0,0.0,0.0,0.0,1.0,0.0,0.0,0.0,0.0,5.292476579953877e-9,0.0,0.0,8.391555078523566e-8,0.0,0.0,0.0,0.0,1.0,0.9999999468653687,0.0,0.0,0.0,0.0,8.230880714505543e-8,0.0,0.0],"nbranches":0,"time":1.4146499633789062},"info":{"disc2var_idx":[31,32,33,34,35,36,37,38,39,40,41,42,43,44,45,46,47,48,49,50,51,52,53,54,55,56,57,58,59,60,61,62,63,64,65,66,67,68,69,70,71,72,73,74,75,76,77,78,79,80,81,82,83,84,85,86,87,88,89,90,91,92,93,94,95,96,97,98,99,100,101,102,103,104,105,106,107,108,109,110,111,112,113,114,115,116,117,118,119,120,121,122,123,124,125,126,127,128,129,130,131,132,133,134,135],"sense":"Min","var2disc_idx":[-1,-1,-1,-1,-1,-1,-1,-1,-1,-1,-1,-1,-1,-1,-1,-1,-1,-1,-1,-1,-1,-1,-1,-1,-1,-1,-1,-1,-1,-1,-1,0,1,2,3,4,5,6,7,8,9,10,11,12,13,14,15,16,17,18,19,20,21,22,23,24,25,26,27,28,29,30,31,32,33,34,35,36,37,38,39,40,41,42,43,44,45,46,47,48,49,50,51,52,53,54,55,56,57,58,59,60,61,62,63,64,65,66,67,68,69,70,71,72,73,74,75,76,77,78,79,80,81,82,83,84,85,86,87,88,89,90,91,92,93,94,95,96,97,98,99,100,101,102,103,104],"nintvars":0,"nbinvars":105}}