{"relaxation":{"status":"Optimal","objval":225.4737298150943,"solution":[225.4737298150943,71.07966320618507,19.49503877601078,109.38090454375832,79.71043747145976,60.59070273694374,66.1933612498233,102.98999697320187,64.252894197382,86.1277170230619,16.856505581546493,78.71837392974524,91.0138727234255,54.97213423631962,57.402141165708976,76.02761527598214,90.23395312278662,118.70013275107443,38.63432072674859,78.19451111601249,36.78665382549821,0.0,0.0,0.0,1.0,0.0,8.18330273552546e-8,0.0,0.0,0.9999999644081391,0.0,1.0,0.0,1.0,0.0,3.9971048689010034e-8,0.0,0.0,0.0,0.0,3.863848503769056e-8,1.0,1.0,0.0,0.0,0.0,0.0,0.0,0.0,1.0,3.347339058683849e-8,0.0,0.0,0.0,1.0,3.566661034718189e-8,0.0,1.0,0.0,0.0,0.0,0.0,0.9999999672785121,0.0,0.0,3.684260703967916e-8],"nrestarts":0,"time":0.5801339149475098},"solution":{"best_bound":0.0,"status":"Optimal","objval":225.4737298150943,"solution":[225.4737298150943,71.07966320618507,19.49503877601078,109.38090454375832,79.71043747145976,60.59070273694374,66.1933612498233,102.98999697320187,64.252894197382,86.1277170230619,16.856505581546493,78.71837392974524,91.0138727234255,54.97213423631962,57.402141165708976,76.02761527598214,90.23395312278662,118.70013275107443,38.63432072674859,78.19451111601249,36.78665382549821,0.0,0.0,0.0,1.0,0.0,8.18330273552546e-8,0.0,0.0,0.9999999644081391,0.0,1.0,0.0,1.0,0.0,3.9971048689010034e-8,0.0,0.0,0.0,0.0,3.863848503769056e-8,1.0,1.0,0.0,0.0,0.0,0.0,0.0,0.0,1.0,3.347339058683849e-8,0.0,0.0,0.0,1.0,3.566661034718189e-8,0.0,1.0,0.0,0.0,0.0,0.0,0.9999999672785121,0.0,0.0,3.684260703967916e-8],"nbranches":0,"time":0.5852880477905273},"info":{"disc2var_idx":[21,22,23,24,25,26,27,28,29,30,31,32,33,34,35,36,37,38,39,40,41,42,43,44,45,46,47,48,49,50,51,52,53,54,55,56,57,58,59,60,61,62,63,64,65],"sense":"Min","var2disc_idx":[-1,-1,-1,-1,-1,-1,-1,-1,-1,-1,-1,-1,-1,-1,-1,-1,-1,-1,-1,-1,-1,0,1,2,3,4,5,6,7,8,9,10,11,12,13,14,15,16,17,18,19,20,21,22,23,24,25,26,27,28,29,30,31,32,33,34,35,36,37,38,39,40,41,42,43,44],"nintvars":0,"nbinvars":45}}