{"relaxation":{"status":"Optimal","objval":352.9999874206795,"solution":[352.9999874206795,1.0,1.0,0.8183037980626058,0.0,0.0,1.0,1.0,1.0,1.0,0.7196486908378901,0.5484726142047874,0.7196485935032073,0.5484724452534642,0.0,0.0,1.0,1.0,0.999999999005547,0.22018754000008675,1.0,1.0,1.0,0.561241587927661,0.577616367026308,9.452045339778878e-9,0.0,0.9999999971719172,1.0,0.39639216977879427,0.3963920011179405,0.0,1.0,0.0,1.0,0.0,0.0,1.0,1.0,0.838351712011391,0.8383514328933325,0.0,1.0,1.0,1.0,1.0,1.0,1.0,0.3171180618131084,0.31711794695951206,0.0,1.0,0.0,1.0,0.0,0.0,0.08056577154000814,0.0805654197596923,0.0,0.0,0.0,0.0,0.0,0.0,0.4999998030512059,0.08011872447052291,0.7634212508771933,0.4026810458008397,0.8429580560585246,0.5021618853687667,0.2759291684293021,0.08011889642233491,0.763421462817319,0.402681211918142,0.8429581447567814,0.5021620593458935,0.27592934177304906,1.0,1.0,1.0,1.0,1.0,0.0,1.0,0.0,0.0,1.0,1.0,0.0,0.0,0.0,0.0,0.0,0.0,0.0,0.9999999964578431,1.0,1.0,1.0,0.0,0.0,0.0,0.0,0.0,0.0,0.0,0.0,1.0,1.0,0.0,0.0,0.0,0.0,0.0,0.0,1.0,1.0,1.0,1.0,0.9999999802630642,0.0,5.228488947117059e-9,0.4865046964130531,1.0,0.0,4.672611729935721e-9,0.9999999879968361,1.0,0.9999999974602302,0.0,0.0,0.0,0.0,0.9999999305081353,0.0,0.0,0.0,2.258006216690646e-8,0.0,0.0,0.0,0.0,0.0,0.0,0.0,0.0,0.0,0.0,0.0,2.0195292619972746e-8,1.0,0.0,0.0,0.9999999959446308,1.0,0.9999999966593299,1.0,1.0,1.0,1.0,1.0,1.0,1.0,1.0,2.193736803832123e-8,1.0,1.0,1.0,1.0,0.0,0.0,1.0,1.0,0.0,0.0,0.0,0.0,1.0,1.0,1.0,1.0,1.0,1.0],"nrestarts":0,"time":0.9021809101104736},"fpump":{"rounds":1.0,"obj":352.9999999925058,"gap":3.561423894176156e-8,"time":0.7146110534667969},"solution":{"best_bound":352.9999874206795,"status":"Optimal","objval":352.9999999925058,"solution":[352.9999999925058,1.0,1.0,1.0,0.0,0.0,1.0,1.0,1.0,1.0,1.0,1.0,1.0,1.0,0.0,0.0,1.0,1.0,1.0,0.0,1.0,1.0,1.0,1.0,1.0,0.0,0.0,1.0,1.0,0.0,0.0,0.0,1.0,0.0,1.0,0.0,0.0,1.0,1.0,1.0,1.0,0.0,1.0,1.0,1.0,1.0,1.0,1.0,0.0,0.0,0.0,1.0,0.0,1.0,0.0,0.0,0.0,0.0,0.0,0.0,0.0,0.0,0.0,0.0,0.0,0.0,1.0,0.0,1.0,1.0,0.0,0.0,1.0,0.0,1.0,1.0,0.0,1.0,1.0,1.0,1.0,1.0,0.0,1.0,0.0,0.0,1.0,1.0,0.0,0.0,0.0,0.0,0.0,0.0,0.0,1.0,1.0,1.0,1.0,0.0,0.0,0.0,0.0,0.0,0.0,0.0,0.0,1.0,1.0,0.0,0.0,0.0,0.0,0.0,0.0,1.0,1.0,1.0,1.0,1.0,0.0,0.0,0.0,1.0,0.0,0.0,1.0,1.0,1.0,0.0,0.0,0.0,0.0,1.0,0.0,0.0,0.0,0.0,0.0,0.0,0.0,0.0,0.0,0.0,0.0,0.0,0.0,0.0,0.0,0.0,1.0,0.0,0.0,1.0,1.0,1.0,1.0,1.0,1.0,1.0,1.0,1.0,1.0,1.0,0.0,1.0,1.0,1.0,1.0,0.0,0.0,1.0,1.0,0.0,0.0,0.0,0.0,1.0,1.0,1.0,1.0,1.0,1.0],"nbranches":0,"time":1.6199610233306885},"info":{"sense":"Min","nintvars":0,"nbinvars":182}}