{"relaxation":{"status":"Optimal","objval":56.999992589167604,"solution":[56.999992589167604,0.0,1.0,0.0,2.9133814617223077e-8,1.0,0.9999999879371497,1.0,0.0,0.9999999725540948,0.0,1.0,2.410027652009777e-10,1.0,0.0,1.0,0.0,1.0,0.0,1.0,0.0,2.7508807199275962e-8,0.10571136403439309,0.7865097594448046,0.0,1.7335649030877595e-8,0.0,0.9999999995259997,0.0,1.0,0.0,5.998655848489333e-9,0.0,1.0,0.0,0.9999999705432615,0.1057113633102394,0.7865096591573717,1.0,1.0,1.6544076352491044e-9,1.0,1.0,1.0,0.9999999983463579,1.0,0.0,0.5819701352132327,0.0,1.4156665735069209e-8,1.0,0.0,1.0,0.0,0.5819701333787572,0.9999999754042324,0.0,2.7930151663504602e-9,1.2296144547462235e-8,1.2560468269084426e-8,0.0,0.0,0.0,0.15852267804423043,0.0,0.0,0.0,0.0,0.0,0.0,0.15852268106515666,0.0,0.0,5.932150105754781e-9,3.1463080432849448e-9,0.0,0.0,0.0,0.052874140710358175,0.0,0.0,0.0,0.0,0.0,0.0,0.052874136146625485,1.0,1.0,1.0,1.0,1.0,2.2705337223602294e-8,0.7113304259410611,1.2930442311958435e-8,0.9999999923467461,1.0,1.5619088530659475e-9,1.0,0.4996750392583981,0.7113304204991105,0.9999999440306069,1.0,0.0,1.2891644489707108e-8,0.0,0.36977417375862903,0.0,0.0,0.9999999969234338,0.0,0.0,0.0,0.36977415319788626,0.9999999993879062,0.0,7.341604139291663e-8,0.0,0.3169600775592501,0.0,0.0,0.9999999698817389,0.0,0.0,0.0,0.3169601028965545,0.0,0.0,0.0,0.21133185836271978,0.0,0.0,0.0,0.0,0.0,0.0,0.21133185338617236,0.9999999969671779,0.0,0.5286379724172814,0.0,0.0,1.0,0.0,0.9999999879698757,0.0,0.5286379755448519,0.0,0.42264720957265456,0.0,0.0,0.9999999994981912,0.0,8.990703529828517e-9,0.0,0.42264720847507975,0.8406583387701111,2.2012182199846727e-8,1.0,1.0,1.1285739942226155e-8,1.0,0.9999999983361864,0.8406584684535149,0.05293597886429461,0.36382437944169743,0.7358445448354306,0.10599169123068684,0.5244179331837444,0.2886646369769725,0.5000000004202412,1.0,1.0,0.9999999852107407,1.0,1.0,0.947064026000516,1.0,0.0,1.0,1.7223898965658743e-9,0.6361756196749199,0.0,0.0,0.0,0.26415546277320673,1.0,1.0,0.8940082876954561,0.0,0.47558206259357055,0.7113353630314921,0.8238743250187247,1.0,0.4793849131582746,0.16128532764966874,0.0,0.3230494421156942,2.0167184554137216e-8,0.9456642594198423,1.0,0.4466216092465512,0.37102732999284793,0.5114377165903309,0.6110639736988229,0.7654196551107992,1.0,0.053908855712844234,0.0,0.7665097952856139,1.0,0.10762784879348129,0.0,0.5000000200290197,0.5206151081276187,0.703403657479758,1.0,0.21497988015314534,0.0,0.6381296891095561,1.0,0.5807935684598465,0.9999999952105887,0.26882270186113677,0.0,0.8900375387519951,1.0,0.378400969565827,2.824096956384936e-8,0.0,0.0,1.0,0.0,0.0,0.36827794879628856,0.0,2.821459138024928e-8,0.0,0.17612506006045894,5.605393127251426e-10,0.0,0.0,0.0,0.0,0.9999999905888536,0.0,1.0,1.0,1.0,1.0,1.0,2.146740052301832e-9,1.0,6.162280931356357e-9,0.8387146902497307,1.0,0.9999999968720336,1.0,1.0,1.0,1.0,1.0,1.0,0.999999999609149,1.0,1.0,0.0,1.0,0.0,0.6769505734042339,1.0,0.0,1.0,1.0,0.0,1.0,0.9999999918276021,0.0,0.0,0.0,0.0,0.0,0.0,0.05433567790660725,0.0,0.0,0.0,0.0,0.0,2.6820451963989635e-8,0.0,0.9999999924924746,1.0,0.0,1.0,0.0,0.5533784074883259,1.0,0.0,1.0,1.0,0.0,1.0,9.706838839735457e-9,1.0,0.0,1.0,0.0,0.48856230223345787,1.0,0.0,1.0,0.9999999916600053,0.0,1.0,0.0,0.0,0.5087995218114454,0.0,0.23458035190208712,0.3360521627709322,0.0,2.4652904921010474e-8,0.0,0.0,0.9999999770536612,0.0,1.0,0.9999999701098135,0.9460911644618981,1.0,0.9999999938852078,1.0,1.0,0.9999999997317243,1.0,1.0,0.0,0.23349119809855443,1.0500230088323866e-9,0.0,0.0,0.0,0.0,0.9999999916094271,0.0,0.8923721578574346,1.0,0.9999999922507437,1.0,1.0,0.9999999986604643,1.0,1.0,0.7034036963775973,0.21497986098383853,0.6381296577767052,0.5807935271551324,0.2688226808126647,0.8900376935767934,0.3784009480393926,0.0,8.709301784234119e-9,0.0,0.0,0.9999999960651054,0.0,1.0,1.0,0.9999999901562265,1.0,1.0,0.0,0.0,1.0,0.0,0.0,1.0,1.4133862967585868e-9,1.0,1.0,0.0],"nrestarts":0,"time":1.6229619979858398},"fpump":{"rounds":1.0,"obj":56.999999992505906,"gap":1.298831281138282e-7,"time":4.071669101715088},"solution":{"best_bound":56.999992589167604,"status":"Optimal","objval":56.999999992505906,"solution":[56.999999992505906,0.0,1.0,0.0,0.0,1.0,1.0,1.0,0.0,1.0,0.0,1.0,0.0,1.0,0.0,1.0,0.0,1.0,0.0,1.0,0.0,0.0,0.0,1.0,0.0,0.0,0.0,1.0,0.0,1.0,0.0,0.0,0.0,1.0,0.0,1.0,0.0,1.0,1.0,1.0,0.0,1.0,1.0,1.0,1.0,1.0,0.0,1.0,0.0,0.0,1.0,0.0,1.0,0.0,1.0,1.0,0.0,0.0,0.0,0.0,0.0,0.0,0.0,0.0,0.0,0.0,0.0,0.0,0.0,0.0,0.0,0.0,0.0,0.0,0.0,0.0,0.0,0.0,0.0,0.0,0.0,0.0,0.0,0.0,0.0,0.0,1.0,1.0,1.0,1.0,1.0,0.0,1.0,0.0,1.0,1.0,0.0,1.0,0.0,1.0,1.0,1.0,0.0,0.0,0.0,0.0,0.0,0.0,1.0,0.0,0.0,0.0,0.0,1.0,0.0,0.0,0.0,0.0,0.0,0.0,1.0,0.0,0.0,0.0,0.0,0.0,0.0,0.0,0.0,0.0,0.0,0.0,0.0,0.0,0.0,0.0,1.0,0.0,1.0,0.0,0.0,1.0,0.0,1.0,0.0,1.0,0.0,0.0,0.0,0.0,1.0,0.0,0.0,0.0,0.0,1.0,0.0,1.0,1.0,0.0,1.0,1.0,1.0,0.0,0.0,1.0,0.0,1.0,0.0,0.0,1.0,1.0,1.0,1.0,1.0,1.0,1.0,0.0,1.0,0.0,1.0,0.0,0.0,0.0,0.0,1.0,1.0,1.0,0.0,0.0,1.0,1.0,1.0,0.0,0.0,0.0,0.0,0.0,1.0,1.0,0.0,0.0,1.0,1.0,1.0,1.0,0.0,0.0,1.0,1.0,0.0,0.0,1.0,1.0,1.0,1.0,0.0,0.0,1.0,1.0,1.0,1.0,0.0,0.0,1.0,1.0,0.0,0.0,0.0,0.0,1.0,0.0,0.0,0.0,0.0,0.0,0.0,0.0,0.0,0.0,0.0,0.0,0.0,1.0,0.0,1.0,1.0,1.0,1.0,1.0,0.0,1.0,0.0,1.0,1.0,1.0,1.0,1.0,1.0,1.0,1.0,1.0,1.0,1.0,1.0,0.0,1.0,0.0,1.0,1.0,0.0,1.0,1.0,0.0,1.0,1.0,0.0,0.0,0.0,0.0,0.0,0.0,0.0,0.0,0.0,0.0,0.0,0.0,0.0,0.0,1.0,1.0,0.0,1.0,0.0,1.0,1.0,0.0,1.0,1.0,0.0,1.0,0.0,1.0,0.0,1.0,0.0,0.0,1.0,0.0,1.0,1.0,0.0,1.0,0.0,0.0,1.0,0.0,0.0,0.0,0.0,0.0,0.0,0.0,1.0,0.0,1.0,1.0,1.0,1.0,1.0,1.0,1.0,1.0,1.0,1.0,0.0,0.0,0.0,0.0,0.0,0.0,0.0,1.0,0.0,1.0,1.0,1.0,1.0,1.0,1.0,1.0,1.0,1.0,0.0,1.0,1.0,0.0,1.0,0.0,0.0,0.0,0.0,0.0,1.0,0.0,1.0,1.0,1.0,1.0,1.0,0.0,0.0,1.0,0.0,0.0,1.0,0.0,1.0,1.0,0.0],"nbranches":0,"time":5.70577597618103},"info":{"sense":"Min","nintvars":0,"nbinvars":380}}