{"relaxation":{"status":"Optimal","objval":113.99999337336918,"solution":[113.99999337336918,0.9999999994749458,0.0,1.0,1.0,0.9999999845658686,0.5398985510320539,0.0,1.0,2.777316012208796e-9,0.7312681176543295,0.15640143593065148,0.7312681176842861,0.15640143593314634,1.0,0.0,0.999999999457915,0.0,1.0,0.0,0.0,0.0,1.0,0.0,3.994877438439915e-8,0.0,1.0,0.0,0.9999999996871103,0.5037337156748561,0.5037337156816265,0.4774638201169259,0.0,0.9999999963564996,0.0,0.9999999948968177,0.0,0.0,0.0,0.07825001418168728,0.07825001418308071,0.0,0.0,0.0,0.0,0.0,0.0,1.0,0.7293155535588866,0.729315553558122,1.0,1.0,1.0,0.0,1.0,0.0,0.23465237326917823,0.23465237327250416,0.0,0.0,0.0,0.0,1.4214778461126259e-8,0.0,0.5000000000038558,0.4951283049377867,0.38267809255638974,0.6067290822561769,0.07863374930448333,0.68670809274619,0.15859792776388068,0.4951283049317405,0.38267809254633806,0.6067290822512104,0.07863374930742155,0.6867080927420494,0.1585979277790678,1.435886435309882e-7,1.0,0.0,1.0,0.0,1.0,0.0,1.0,0.0,0.0,0.9999999975599471,0.0,1.0,1.0,0.0,1.0,1.0,0.8250071720535426,0.0,0.0,3.1274478958255976e-9,0.0,1.0,1.0,0.0,0.0,0.9999999996945579,0.5659465289527343,0.0,0.0,0.0,0.0,1.0,1.0,0.0,0.0,1.7926436560391113e-8,0.0,0.0,0.0,0.0,0.0,2.160249635931697e-8,0.0,9.83535265664346e-9,0.0,0.0,0.0,0.0,0.0,0.0,1.0,1.0,1.0,1.0,0.9999999994777811,0.9999999925982002,1.0,1.0,1.0,1.0,1.0,0.1435928937654921,1.0,0.0,0.0,1.0,2.0930054743570467e-8,1.0,0.9999999826803013,0.0,1.365425089722074e-8,0.0,0.0,5.66453027500585e-9,0.0,0.0,0.0,1.0,0.0,0.0,1.0,0.5646209293870532,1.0,0.9999999808660601,0.0,0.0,0.9999999779727168,0.0,0.0,0.0,2.882103925896362e-10,1.0,1.0,1.0,1.0,1.0,1.0,1.0,1.0,0.0,0.0,0.0,1.0,0.9999999971450734,3.036956917133846e-9],"nrestarts":0,"time":0.9493191242218018},"fpump":{"rounds":1.0,"obj":113.99999525711225,"gap":1.6524062681420883e-8,"time":1.4600379467010498},"solution":{"best_bound":113.99999337336918,"status":"Optimal","objval":113.99999525711225,"solution":[113.99999525711225,1.0,0.0,1.0,1.0,1.0,1.0,0.0,1.0,0.0,1.0,0.0,1.0,0.0,1.0,0.0,1.0,0.0,1.0,0.0,0.0,0.0,1.0,0.0,0.0,0.0,1.0,0.0,1.0,1.0,1.0,0.0,0.0,1.0,0.0,1.0,0.0,0.0,0.0,0.0,0.0,0.0,0.0,0.0,0.0,0.0,0.0,1.0,1.0,1.0,1.0,1.0,1.0,0.0,1.0,0.0,0.0,0.0,0.0,0.0,0.0,0.0,0.0,0.0,1.0,0.0,0.0,1.0,0.0,1.0,0.0,0.0,0.0,1.0,0.0,1.0,0.0,0.0,1.0,0.0,1.0,0.0,1.0,0.0,1.0,0.0,0.0,1.0,0.0,1.0,1.0,0.0,1.0,1.0,0.5281099286890629,0.0,0.0,0.0,0.0,1.0,1.0,0.0,0.0,1.0,0.7110779480479872,0.0,0.0,0.0,0.0,1.0,1.0,0.0,0.0,2.1810583451796188e-10,0.0,0.0,0.0,0.0,0.0,1.2627705128872687e-9,0.0,0.0,0.0,0.0,0.0,0.0,0.0,0.0,1.0,1.0,1.0,1.0,1.0,1.0,1.0,1.0,1.0,1.0,1.0,0.6261771485251614,1.0,0.0,0.0,1.0,2.1583681470086164e-13,1.0,0.9999999991395874,0.0,0.0,0.0,0.0,0.0,0.0,0.0,0.0,1.0,0.0,0.0,1.0,0.26495844527913254,1.0,1.0,0.0,0.0,0.9999999987114281,0.0,0.0,0.0,0.0,1.0,1.0,1.0,1.0,1.0,1.0,1.0,1.0,0.0,0.0,0.0,1.0,1.0,0.0],"nbranches":0,"time":2.412658929824829},"info":{"sense":"Min","nintvars":0,"nbinvars":80}}