{"relaxation":{"status":"Optimal","objval":724.9999793673412,"solution":[724.9999793673412,1.0,0.0,1.0,1.0,0.0,1.0,1.0,1.0,1.0,2.1317028751776946e-9,0.0,1.0,1.0,1.0,0.0,1.0,0.0,1.0,7.562387008619168e-9,1.0,0.0,1.0,0.0,1.0,0.0,1.0,1.0,1.0,0.0,1.0,1.0,1.0,1.0,1.0,1.0,0.9999999928927141,1.0,1.0,0.0,1.0,0.0,1.0,1.0,1.0,8.37219032008858e-9,0.0,1.0,0.0,1.0,0.0,0.0,0.0,0.0,0.0,0.0,0.0,1.0,0.0,0.0,0.0,0.0,0.0,0.0,1.0,1.0,1.0,1.0,1.0,1.0,1.0,0.0,0.0,0.0,0.0,0.0,0.0,1.0,1.0,1.0,1.0,0.0,0.9999999938486475,0.0,0.0,0.0,0.0,0.0,0.0,0.0,0.0,0.0,0.0,1.0,0.0,0.0,0.0,0.0,0.0,0.0,0.0,0.0,0.0,0.0,1.0,0.0,0.0,0.0,0.0,0.0,0.0,0.0,0.0,0.0,0.0,0.0,0.9999999966092057,0.0,0.0,0.0,0.0,0.0,0.0,0.0,0.0,0.0,0.0,0.0,1.0,1.0,2.232168479706655e-8,1.0,1.0,1.0,0.0,0.0,1.0,1.0,0.0,0.0,1.0,0.0,0.0,0.0,0.0,0.0,1.0,0.0,1.0,0.9999999956321346,1.0,0.0,0.0,1.0,1.0,1.0,1.0,1.0,5.235137141210822e-9,0.0,1.0,1.0,0.0,0.0,0.0,0.0,0.0,0.999999992988455,0.9999999953015245,0.0,0.0,0.9999999959228373,1.0,0.0,0.0,0.37565667409178927,1.0,0.0,1.0,1.0,1.0,1.0,1.0],"nrestarts":0,"time":0.930466890335083},"solution":{"best_bound":0.0,"status":"Optimal","objval":724.9999793673412,"solution":[724.9999793673412,1.0,0.0,1.0,1.0,0.0,1.0,1.0,1.0,1.0,2.1317028751776946e-9,0.0,1.0,1.0,1.0,0.0,1.0,0.0,1.0,7.562387008619168e-9,1.0,0.0,1.0,0.0,1.0,0.0,1.0,1.0,1.0,0.0,1.0,1.0,1.0,1.0,1.0,1.0,0.9999999928927141,1.0,1.0,0.0,1.0,0.0,1.0,1.0,1.0,8.37219032008858e-9,0.0,1.0,0.0,1.0,0.0,0.0,0.0,0.0,0.0,0.0,0.0,1.0,0.0,0.0,0.0,0.0,0.0,0.0,1.0,1.0,1.0,1.0,1.0,1.0,1.0,0.0,0.0,0.0,0.0,0.0,0.0,1.0,1.0,1.0,1.0,0.0,0.9999999938486475,0.0,0.0,0.0,0.0,0.0,0.0,0.0,0.0,0.0,0.0,1.0,0.0,0.0,0.0,0.0,0.0,0.0,0.0,0.0,0.0,0.0,1.0,0.0,0.0,0.0,0.0,0.0,0.0,0.0,0.0,0.0,0.0,0.0,0.9999999966092057,0.0,0.0,0.0,0.0,0.0,0.0,0.0,0.0,0.0,0.0,0.0,1.0,1.0,2.232168479706655e-8,1.0,1.0,1.0,0.0,0.0,1.0,1.0,0.0,0.0,1.0,0.0,0.0,0.0,0.0,0.0,1.0,0.0,1.0,0.9999999956321346,1.0,0.0,0.0,1.0,1.0,1.0,1.0,1.0,5.235137141210822e-9,0.0,1.0,1.0,0.0,0.0,0.0,0.0,0.0,0.999999992988455,0.9999999953015245,0.0,0.0,0.9999999959228373,1.0,0.0,0.0,0.37565667409178927,1.0,0.0,1.0,1.0,1.0,1.0,1.0],"nbranches":0,"time":0.9410760402679443},"info":{"sense":"Min","nintvars":0,"nbinvars":155}}