{"relaxation":{"status":"Optimal","objval":179.999984536984,"solution":[179.999984536984,0.0,0.0,3.786970458783355e-9,0.0,0.0,0.5313670329254815,1.0,0.0,0.0,0.0,0.0,0.0,0.0,0.0,0.0,1.5380037809926338e-8,1.297306794567369e-8,0.9999999627862549,1.0,3.152876688376706e-8,0.9999999630589127,0.21180568502605443,0.321570022889409,0.2118056850260548,0.32157002288940906,0.0,0.0,0.0,0.0,0.9999999661634492,1.0,0.0,0.0,0.0,0.0,0.0,0.0,0.9999999787669237,1.0,0.0,0.0,0.0,0.0,0.21180568502607344,0.3215700228894089,0.3001520330438627,1.0,1.0,0.0,1.0,0.0,0.9999999984255161,1.0,1.0,0.5189259250068858,0.5189259250068858,4.961435366560208e-9,0.0,1.0,8.143107939893765e-9,1.7401934218170764e-8,0.0,1.0,0.0,0.0,0.5189259250068892,1.0,0.7654379352136332,8.468125991259256e-9,0.9999999767427895,0.2726276183251654,0.9999999249804752,1.0,1.0,0.6516879403383747,0.6516879403383747,0.45785191876797554,1.0421352456546832e-8,1.0,0.6081409095592114,0.5895862531678719,0.3496150024896901,1.0,0.6478542878278346,1.5862784569363502e-8,0.6516879403383772,0.0,0.0,0.0,0.0,2.580491089607028e-9,0.6763801012953948,9.07119442153098e-9,0.1863343582244275,0.18633435822442737,0.0,0.0,0.9999999602729943,0.0,0.0,0.0,0.999999997602281,0.0,0.0,0.18633435822431202,0.0,0.9999999961481032,0.0,0.9999999903018989,1.0,1.0,0.4688548125030907,0.4688548125030907,0.0,0.0,1.0,0.0,0.0,0.0,1.0,0.0,0.0,0.46885481250309746,1.0,0.9999999958999076,1.0,1.0,1.0,0.9523023440064595,0.9523023440064587,0.9999999914737482,0.9999999615714634,1.0,1.0,1.0,1.0,1.0,1.0,0.9999999844531755,0.9523023440063126,0.0,0.9999999496600823,1.0,1.0,0.41813503121344603,0.41813503121344603,0.0,0.0,1.0,0.0,0.0,0.0,1.0,0.0,0.0,0.4181350312134467,1.0,1.0,1.0,0.8023509975470593,0.8023509975470593,0.9999999976665384,0.0,1.0,1.0,1.0,0.9999999864878236,1.0,1.0,0.0,0.8023509975470653,0.9999999971758781,0.9999999725678185,0.36971826810047476,0.369718268100475,0.0,0.0,0.9999999982255304,0.0,0.0,0.0,1.0,0.0,0.0,0.3697182681004885,2.6422518831824493e-9,0.15570096541183906,0.15570096541183853,0.0,0.0,0.9999999937933632,0.0,0.0,0.0,1.0,0.0,0.0,0.15570096541188416,0.27272462558058524,0.27272462558058536,0.0,0.0,0.9999999975946205,0.0,0.0,0.0,1.0,0.0,0.0,0.2727246255806058,0.5000000000000001,0.31384344986961493,0.09570158445473811,0.9036183938670361,0.3710057869504231,0.3153364838461577,0.2581888656202899,0.9522199576867214,0.4301952024789346,0.144623682467891,0.500000000000003,0.3138434498696149,0.09570158445473725,0.903618393867036,0.371005786950423,0.31533648384615764,0.25818886562028975,0.9522199576867213,0.4301952024789346,0.14462368246789098,0.500000000000003,9.283878138860278e-10,1.0,0.5971941893990519,0.4921907493505489,0.4153163175068138,1.0,0.999999989273526,0.0,0.686156550130391,1.0,1.0,1.0,1.0,1.0,1.0,0.9999999860555724,0.9042984155454082,0.0,0.0,0.0,1.0,0.0,0.0,0.09638160613299825,1.3428991322345563e-8,0.0,1.0,0.9999999867316341,0.0,0.6289942130495816,0.0,1.0,0.9999999814988916,0.0,0.6846635161538485,1.0,1.0,0.0,0.7418111343797079,0.0,0.0,0.04778004231328377,0.0,0.5698047975210752,0.8553763175321105,0.536454416820548,0.5095766590150987,0.481657693779644,1.8329743937652238e-8,0.4070299916345013,0.9999999642323979,0.6061909284313386,0.0,0.3000498780666943,1.0,0.8146878168184245,1.0,0.9074157600478726,1.0,0.7211722769424118,0.9999999635251478,0.6056150291421911,0.0,0.18662006315534038,1.016868353410375e-8,0.43698148861535735,0.0,0.04635228288966655,0.0,0.3817191153467852,0.48165769377916057,0.5000000000000228,0.0,0.13950679049644585,1.0,0.76811368478437,1.0,0.6732357084933797,0.0,0.31045329213872136,0.0,0.23495344576003,1.0,0.8610880864887457,0.0,0.09282080211661704,1.0,0.9537032186701028,0.4816576937791725,0.49999999999999833,0.28254313366504213,0.999999969593129,0.0,1.0,1.0,1.0,0.9999999685220318,0.0,3.260389688503599e-8,0.0,0.0,0.4904233409851079,0.0,1.0,1.0,8.171814652265148e-10,0.0,1.0,0.0,1.0,0.4904233409850459,0.9999999977203764,1.3733957977437705e-7,1.0,1.0,1.0,0.9999999995331879,1.3651231999603768e-7,0.60585358117907,0.0,0.42076831238535967,0.5929700083651094,1.691746000795027e-8,1.0,0.9999999998845075,0.34308724569612253,1.4054586758115292e-7,1.0,0.0,1.0,0.5929700083650835,0.0,1.0,1.0,1.0,0.4705145305315039,0.0,8.509188484674668e-9,0.0,0.0,0.3938090715689475,0.0,1.0,1.0,0.0,0.0,1.0,0.0,1.0,0.39380907156893885,1.0,1.0,1.0,1.0,8.435499420522973e-9,1.0,0.0,1.0,0.6999501219333805,0.0,1.0,1.0,0.5066099100026188,0.0,1.0,0.0,1.0,0.6999501219333429,0.9999999922697552,1.1684861954362464e-7,1.2307102597332298e-9,0.0,0.0,0.0,0.0,0.1853121831834493,0.0,6.088939224477746e-8,8.833040409056162e-9,0.0,0.0,0.9999999687302988,0.0,0.9999999988567244,0.1853121831817213,0.0,0.0,0.0,0.0,0.0,0.0,0.09258423995212771,0.0,0.0,0.0,0.0,0.0,1.0965627081304486e-9,0.0,0.9999999932336293,0.09258423995212751,0.0,0.0,0.0,0.0,0.0,0.2788277230575097,0.0,0.9999999473352698,3.432865769175308e-8,0.0,0.0,0.9999999976614609,0.0,1.0,0.27882772305773185,0.0,2.5977075527288388e-8,0.0,0.0,0.39438497085810137,0.0,1.0,0.9999999985042108,6.996838135221042e-9,0.0,1.0,0.0,1.0,0.3943849708580569,1.0,2.207997683576949e-8,1.0,0.8133799368451626,2.0047971125074866e-8,1.0,1.0,0.9999999836889086,0.9999999918654672,1.0,8.872976847833653e-9,1.0,0.8133799368447406,0.0,0.0,0.563018511384615,0.0,1.0,1.0,0.0,0.0,1.0,0.0,1.0,0.5630185113846231,1.0,0.9536477171103295,0.9999999872721519,1.0,1.0,0.9999999921720406,0.9999999995153394,1.0,0.9999999822984114,1.0,0.9536477171103321,0.6182808846532944,0.0,1.0,1.0,1.3178042132362352e-8,0.0,1.0,0.0,1.0,0.6182808846532659,0.13950679049687553,0.7681136847857295,0.6732357084933913,0.31045329213865375,0.23495344575994764,0.8610880864889042,0.09282080211663836,0.9537032186701053,0.4999999999999756,1.0,1.0,0.9999999968750385,1.0,1.0,1.0478489594117747e-8,1.0,0.860493209503494,0.0,0.0,0.0,1.0,0.0,1.0,0.23188631521540226,0.0,0.0,1.0,0.0,1.0,0.32676429150661584,4.964879438900421e-9,1.0,0.0,1.0,0.6895467078613114,1.0,0.0,1.0,0.7650465542399957,0.0,1.0,0.13891191351123278,1.0,0.9071791978833811,0.04629678132989676],"nrestarts":0,"time":3.017803907394409},"fpump":{"rounds":1.0,"obj":179.99999999250593,"gap":8.586401081860611e-8,"time":10.374170064926147},"solution":{"best_bound":179.999984536984,"status":"Optimal","objval":179.99999999250593,