{"relaxation":{"status":"Optimal","objval":5.911534481329804,"solution":[5.911534481329804,2.0,3.74644799442364,3.1935566008068803,5.888467508785765,6.538734704698369,10.0,12.489248820210618],"nrestarts":0,"time":2.001176118850708},"fpump":{"rounds":1.0,"obj":9.392464540796997,"gap":0.37060880499973853,"time":2.7993991374969482},"tree":{"children":[{"children":[{"step_obj":{"node":{"best_bound":6.972413180457184,"state":"Branch","relaxation_state":"Optimal"}},"hash":"1814998178385966666"},{"step_obj":{"node":{"best_bound":null,"state":"Infeasible","relaxation_state":"UserLimit"}},"hash":"9052868944075171312"}],"step_obj":{"state":"Normal","gain_gap":0.9260148959151105,"nrestarts":0,"strong_int_vars":[],"branch_time":108.46641707420349,"timestamp":113.18584895133972,"upd_gains_time":0.004218101501464844,"node_idx_time":0.8080301284790039,"var_idx":5,"counter":2,"upd_gains":"None","node":{"best_bound":6.700193266049251,"level":2,"state":"Done","relaxation_state":"Optimal","var_idx":5},"idx_time":0.8080291748046875},"hash":"1371394254178184324"},{"children":[{"step_obj":{"node":{"best_bound":6.839043284612788,"state":"Integral","relaxation_state":"Optimal","solution":[6.839043284612788,1.911037990157906,3.7803026493389753,3.323618149443035,6.0,7.0,10.0,9.999999947789826]}},"hash":"2351150704451454910"},{"step_obj":{"node":{"best_bound":6.8541039502202405,"state":"Integral","relaxation_state":"Optimal","solution":[6.8541039502202405,1.9344298493130592,3.752277625006485,3.3285288764111898,6.0,7.0,10.0,11.0]}},"hash":"536902545421755643"}],"step_obj":{"state":"Normal","gain_gap":2.124923380786644,"nrestarts":0,"strong_int_vars":[],"branch_time":0.37546515464782715,"timestamp":113.58833909034729,"upd_gains_time":1.5020370483398438e-5,"node_idx_time":0.005700111389160156,"var_idx":8,"counter":3,"upd_gains":"None","node":{"best_bound":6.838625678041278,"level":2,"state":"Done","relaxation_state":"Optimal","var_idx":8},"idx_time":0.0056989192962646484},"hash":"18235244256494081803"}],"step_obj":{"state":"Normal","gain_gap":0.0,"nrestarts":0,"strong_int_vars":[1,2,4],"branch_time":0.0,"timestamp":3.9070699214935303,"upd_gains_time":0.0,"node_idx_time":3.906993865966797,"var_idx":6,"obj_gain":{"minus_counter":[1,1,0,1],"minus":[0.24490582341597994,1.4639093747654652,0.0,0.1122863062622128],"plus":[0.07274516238777533,2.0098871650537444,0.0,0.13715672117377692],"plus_counter":[1,1,0,1]},"counter":1,"upd_gains":"None","node":{"best_bound":5.911534481329804,"level":1,"state":"Done","relaxation_state":"Optimal","var_idx":6},"idx_time":3.9069929122924805},"hash":"13517000164531708103"},"obj_gain":[[0.7181163261566923,0.07274516238777533,2.0,1.0],[1.4639093747654652,2.0098871650537444,1.0,1.0],[0.24490582341597994,0.13715672117377692,1.0,1.0],[0.0029863260856770983,0.017994634180304756,2.0,2.0]],"solution":{"best_bound":6.839043284612788,"status":"Optimal","objval":6.839043284612788,"solution":[6.839043284612788,1.911037990157906,3.7803026493389753,3.323618149443035,6.0,7.0,10.0,9.999999947789826],"nbranches":3,"time":118.40619897842407},"info":{"sense":"Min","nintvars":4,"nbinvars":0}}