{"relaxation":{"status":"Optimal","objval":5.91153448132985,"solution":[5.91153448132985,0.5888467508785701,0.6538734704698376,1.0,1.2489248820210608,2.0,3.7464479944236397,3.193556600806901],"nrestarts":0,"time":1.6306829452514648},"fpump":{"rounds":1.0,"obj":6.453102925894219,"gap":0.08392372642798393,"time":2.661223888397217},"tree":{"children":[{"step_obj":{"node":{"best_bound":7.717835316023867,"state":"Branch","relaxation_state":"Optimal"}},"hash":"6008876098274888104"},{"children":[{"step_obj":{"node":{"best_bound":8.889411538503287,"state":"Branch","relaxation_state":"Optimal"}},"hash":"17041298730371938143"},{"children":[{"step_obj":{"node":{"best_bound":6.453102885012264,"state":"Integral","relaxation_state":"Optimal","solution":[6.453102885012264,0.5642193445336431,0.6468471787052584,1.0,0.9390699657313591,2.0,4.0,3.0]}},"hash":"3334504136603566744"},{"step_obj":{"node":{"best_bound":7.606217926518965,"state":"Integral","relaxation_state":"Optimal","solution":[7.606217926518965,0.5222532728894959,0.6373127043191915,0.999999993112307,0.7,2.0,4.0,4.0]}},"hash":"10956365139677864937"}],"step_obj":{"state":"Normal","gain_gap":0.8394111606629375,"nrestarts":0,"strong_int_vars":[],"branch_time":0.3411710262298584,"timestamp":4.340209007263184,"upd_gains_time":1.1920928955078125e-5,"node_idx_time":4.792213439941406e-5,"var_idx":8,"counter":3,"upd_gains":"None","node":{"best_bound":6.306478304185279,"level":3,"state":"Done","relaxation_state":"Optimal","var_idx":8},"idx_time":4.601478576660156e-5},"hash":"12410957185263335098"}],"step_obj":{"state":"Normal","gain_gap":0.8408118847574441,"nrestarts":0,"strong_int_vars":[],"branch_time":0.9651780128479004,"timestamp":3.9831559658050537,"upd_gains_time":0.005432844161987305,"node_idx_time":0.679487943649292,"var_idx":6,"counter":2,"upd_gains":"None","node":{"best_bound":6.23892621683515,"level":2,"state":"Done","relaxation_state":"Optimal","var_idx":6},"idx_time":0.6794869899749756},"hash":"12412405136736465841"}],"step_obj":{"state":"Normal","gain_gap":0.0,"nrestarts":0,"strong_int_vars":[2,3],"branch_time":0.0,"timestamp":2.3329529762268066,"upd_gains_time":0.0,"node_idx_time":2.332895040512085,"var_idx":7,"obj_gain":{"minus_counter":[0,1,1],"minus":[0.0,2.419861595433354,0.386930541024598],"plus":[0.0,1.291221241816215,0.8588870812389715],"plus_counter":[0,1,1]},"counter":1,"upd_gains":"None","node":{"best_bound":5.91153448132985,"level":1,"state":"Done","relaxation_state":"Optimal","var_idx":7},"idx_time":2.3328938484191895},"hash":"12292729899298661146"},"obj_gain":[[2.9058574809030486,0.76866929803581,2.0,2.0],[2.419861595433354,1.291221241816215,1.0,1.0],[0.6108372584336103,1.7102708001797005,2.0,2.0]],"solution":{"best_bound":6.453102885012264,"status":"Optimal","objval":6.453102885012264,"solution":[6.453102885012264,0.5642193445336431,0.6468471787052584,1.0,0.9390699657313591,2.0,4.0,3.0],"nbranches":3,"time":8.632349967956543},"info":{"sense":"Min","nintvars":3,"nbinvars":0}}