{"relaxation":{"status":"Optimal","objval":-13.406005552128825,"solution":[-13.406005552128825,0.3334137230510791,0.6665862769489209,0.48772342247362277,0.5122765775263773,0.6019830471417402,0.39801695285825983,0.6681774571770283,0.3318225428229718,0.7044525899244519,0.29554741007554836,0.7530415231901934,0.24695847680980704,0.8133196844582087,0.1866803155417918,0.8812911177015661,0.1187088822984341,0.9499999900031985,0.050000009996801764,0.545861745086875,0.454138254913125,0.7008941522665116,0.29910584773348853,0.7901830988384121,0.20981690116158805,0.8346497364856449,0.16535026351435514,0.8571093660197063,0.14289063398029406,0.8852062101316701,0.11479378986833036,0.9172270654493861,0.08277293455061431,0.9499999900031985,0.050000009996801764,0.9800208022556309,0.019979197744369338,40.545825199608586,148.161831616079,150.63826481798012,151.7970071851212,52.674381514611966,53.068606473886256,53.58807756106976,54.221115794569144,54.75511807448425,107.61600641647043,110.09243964263725,111.25118202220622,112.12855606118887,112.52278126107865,113.04225236726369,113.67529060011776,114.20929287487566,376.4961910027579,369.15072664079094,365.7117822391128,363.76550483467776,362.64362545676545,361.2499256388364,359.6292451374804,357.90066876725365,355.5033083432252,2.4265733659730125e-8,1.24278731731937e-8,99.9999997094919,2.4061548622092814e-7,1.9001524027273552e-8,0.0,0.0,0.9209633849652518,59.454174800391414,40.545825199608586,-0.9780942467643551,-0.9966935930581399,-0.9999499757067686,-1.0012717108851878,-1.0021307403038786,-1.002680481678849,-1.0027121801184062,-1.0021005510689882,-1.0039535881729185,0.07708298033542799,0.048473642347326165,0.035750286993970634,0.0288622316270846,0.02499086074905777,0.020253302745685736,0.014848319404190078,0.00920502839557616,0.0015796763899435461,2.4256925642250535e-10,1.252646056334737e-10,0.9999999970932922,2.4064651030570275e-9,1.8997214368340553e-10,0.0,0.0],"nrestarts":0,"time":1.0230741500854492},"solution":{"best_bound":0.0,"status":"Optimal","objval":-13.406005552128825,"solution":[-13.406005552128825,0.3334137230510791,0.6665862769489209,0.48772342247362277,0.5122765775263773,0.6019830471417402,0.39801695285825983,0.6681774571770283,0.3318225428229718,0.7044525899244519,0.29554741007554836,0.7530415231901934,0.24695847680980704,0.8133196844582087,0.1866803155417918,0.8812911177015661,0.1187088822984341,0.9499999900031985,0.050000009996801764,0.545861745086875,0.454138254913125,0.7008941522665116,0.29910584773348853,0.7901830988384121,0.20981690116158805,0.8346497364856449,0.16535026351435514,0.8571093660197063,0.14289063398029406,0.8852062101316701,0.11479378986833036,0.9172270654493861,0.08277293455061431,0.9499999900031985,0.050000009996801764,0.9800208022556309,0.019979197744369338,40.545825199608586,148.161831616079,150.63826481798012,151.7970071851212,52.674381514611966,53.068606473886256,53.58807756106976,54.221115794569144,54.75511807448425,107.61600641647043,110.09243964263725,111.25118202220622,112.12855606118887,112.52278126107865,113.04225236726369,113.67529060011776,114.20929287487566,376.4961910027579,369.15072664079094,365.7117822391128,363.76550483467776,362.64362545676545,361.2499256388364,359.6292451374804,357.90066876725365,355.5033083432252,2.4265733659730125e-8,1.24278731731937e-8,99.9999997094919,2.4061548622092814e-7,1.9001524027273552e-8,0.0,0.0,0.9209633849652518,59.454174800391414,40.545825199608586,-0.9780942467643551,-0.9966935930581399,-0.9999499757067686,-1.0012717108851878,-1.0021307403038786,-1.002680481678849,-1.0027121801184062,-1.0021005510689882,-1.0039535881729185,0.07708298033542799,0.048473642347326165,0.035750286993970634,0.0288622316270846,0.02499086074905777,0.020253302745685736,0.014848319404190078,0.00920502839557616,0.0015796763899435461,2.4256925642250535e-10,1.252646056334737e-10,0.9999999970932922,2.4064651030570275e-9,1.8997214368340553e-10,0.0,0.0],"nbranches":0,"time":1.028480052947998},"info":{"sense":"Min","nintvars":0,"nbinvars":7}}