{"relaxation":{"status":"Optimal","objval":7.781621687203889,"solution":[7.781621687203889,0.0,1.0,0.0,0.0,0.49087248274159306,0.509127522839762,1.0,1.819845080553446e-10,0.0,0.5210958426997211,0.4789041621764086,0.0,0.9999999980426764,1.114548152846166e-8,0.0,0.9999999602741063,4.873898882496668e-8,0.0,0.8091082869601685,1.3508891184011451,0.39582284608916973,0.7999999983086303,10.999998985809524,9.29887739018133,0.31999999160736814,36.26815398934221,5.302502190531603,60.16025185140707,4.127313916017444,60.356153020331455,0.33811435792566497,0.1682645426500953,9.83963352672506,0.6581406956367258,18.011711107177216,0.832410936834088,0.8082910926392866,1.3619248830306194,0.3960340278957498,0.7999999944928619,10.91398543079412,9.261871138220116,0.3199999907072424,36.2837904684515,5.3019595777196535,60.16361810337229,3.654307771186445,60.35615301921106,0.33821434620395413,0.16836512227734116,9.845371034510158,0.6582988583964797,18.01171110684182,0.8324109368285312,60.35615302001128,18.011711107081368,0.8324109368325],"nrestarts":0,"time":2.13266921043396},"fpump":{"rounds":1.0,"obj":7.781621735588706,"gap":6.217832051711137e-9,"time":0.6405811309814453},"solution":{"best_bound":7.781621687203889,"status":"Optimal","objval":7.781621735588706,"solution":[7.781621735588706,0.0,1.0,0.0,0.0,0.0,1.0,1.0,0.0,0.0,1.0,0.0,0.0,1.0,0.0,0.0,1.0,0.0,0.0,0.80910828311404,1.3508891173289108,0.39582283715066846,0.7999999983086299,10.999998985809533,9.298877435735404,0.3199999916073682,36.26815319549943,5.302502194211128,60.16025189607258,4.127313718919206,60.356154285880365,0.3381143573565346,0.1682645422883324,9.839633235435043,0.6581406876051845,18.01171148602561,0.8324109431109863,0.8082911131545449,1.361924923501309,0.39603408227977815,0.7999999944928642,10.913985159827133,9.261870744816084,0.3199999907072404,36.28379528852815,5.301959553977379,60.163617846172905,3.6543080166695,60.35614541447124,0.33821434993227206,0.1683651247620152,9.845372803117803,0.6582989071404162,18.011708830330623,0.8324108991105822,60.35614985286995,18.011710158984656,0.8324109211241482],"nbranches":0,"time":2.773543119430542},"info":{"sense":"Min","nintvars":0,"nbinvars":18}}