{"relaxation":{"status":"Optimal","objval":7.876193933874371,"solution":[7.876193933874371,0.3903462120565759,0.6096537925156059,0.0,0.15921758616805298,0.8407824184041288,0.0,0.0,1.0,0.0,0.24076442645970256,0.7592355778503279,0.0,0.0,0.49440206732456504,0.5055979373490057,0.0,1.0,0.0,0.24239647091423777,0.7576035335519011,0.0,0.0,1.0,0.0,0.0,1.0,0.0,6.137079202630053e-7,0.9999993881540028,0.0,0.999999941227637,6.647114156994206e-8,0.0,0.9999999941827995,1.533104386908537e-8,0.0,0.8343507567480403,1.7359636927125501,0.33860507332482265,3.940272287229153e-10,9.400761988464163,8.96822427585558,0.325331616742838,5.275994976571673,59.734404700502694,0.3983477965036225,0.33909932149940547,0.16717518022129238,1.5204698738613758e-8,3.590385430065911e-8,0.0,4.499830718121409e-10,0.0,1.0625745669007632e-9,0.7774915070623887,1.3561423958061554,0.3293524200332198,0.3083332299594249,11.000096806990697,9.716409452064518,0.3198999932480267,5.328142388391985,60.48037967337962,1.2794742887696289,0.33399084441909227,0.16577024991847344,11.68720777039063,28.696647362426297,1.610391381813753,0.2924046682115823,7.062673629744971,0.5722760545202905,0.7686393845913756,1.3638417549924848,0.31132927763471296,0.7999999966963478,11.000099173380745,9.859675369166366,0.31989999056672874,5.334177471393286,60.55465731021507,6.19837184860112,0.3329383959281859,0.16515610331352196,28.696647376851637,81.06990896653348,7.062673634985066,0.5722760547028937,23.362009481614425,0.9092152497133362,11.687207755430657,28.69664736217578,1.6103913781523767,0.2924046678983014,7.062673629653972,0.5722760545171194],"nrestarts":0,"time":2.705724000930786},"fpump":{"rounds":2.0,"obj":7.781124818921691,"gap":0.012217914140317757,"time":1.2869939804077148},"tree":{"children":[{"step_obj":{"node":{"best_bound":7.876193910506261,"state":"Branch","relaxation_state":"Optimal"}},"hash":"5811811610596862787"},{"step_obj":{"node":{"best_bound":7.794476694530924,"state":"Branch","relaxation_state":"Optimal"}},"hash":"125038996702667176"}],"step_obj":{"state":"Normal","gain_gap":0.0,"nrestarts":0,"strong_int_vars":[1,2,4,5,10,11,14,15,19,20],"branch_time":0.0,"timestamp":2.4474399089813232,"upd_gains_time":0.0,"node_idx_time":2.4473631381988525,"var_idx":6,"obj_gain":{"minus_counter":[1,1,0,1,1,0,0,0,0,1,1,0,0,1,1,0,0,0,1,1,0,0,0,0,0,0,0,0,0,0,0,0,0,0,0,0],"minus":[0.20934554550353066,3.814782636374001e-8,0.0,0.513242553708899,2.7793290632745413e-8,0.0,0.0,0.0,0.0,0.3394074540281729,2.9689325265647684e-8,0.0,0.0,0.009798924113929105,4.40200903674316e-8,0.0,0.0,0.0,0.3922054588537579,3.007592221167986e-8,0.0,0.0,0.0,0.0,0.0,0.0,0.0,0.0,0.0,0.0,0.0,0.0,0.0,0.0,0.0,0.0],"plus":[3.832511449809829e-8,0.20934554788814733,0.0,2.7793289727514248e-8,0.513242561056251,0.0,0.0,0.0,0.0,2.926582151671633e-8,0.339407444999431,0.0,0.0,0.16162494404456534,0.009798924298792455,0.0,0.0,0.0,2.8255863832239035e-8,0.39220546969954506,0.0,0.0,0.0,0.0,0.0,0.0,0.0,0.0,0.0,0.0,0.0,0.0,0.0,0.0,0.0,0.0],"plus_counter":[1,1,0,1,1,0,0,0,0,1,1,0,0,1,1,0,0,0,1,1,0,0,0,0,0,0,0,0,0,0,0,0,0,0,0,0]},"counter":1,"upd_gains":"None","node":{"best_bound":7.876193933874371,"level":1,"state":"Done","relaxation_state":"Optimal","var_idx":6},"idx_time":2.447361946105957},"hash":"1942490418969294445"},"obj_gain":[[0.20934554550353066,3.832511449809829e-8,1.0,1.0],[3.814782636374001e-8,0.20934554788814733,1.0,1.0],[0.004899484067009736,0.0857119341716789,1.0,1.0],[0.513242553708899,2.7793289727514248e-8,1.0,1.0],[2.7793290632745413e-8,0.513242561056251,1.0,1.0],[0.004899484067009736,0.0857119341716789,1.0,1.0],[0.004899484067009736,0.0857119341716789,1.0,1.0],[0.004899484067009736,0.0857119341716789,1.0,1.0],[0.004899484067009736,0.0857119341716789,1.0,1.0],[0.3394074540281729,2.926582151671633e-8,1.0,1.0],[2.9689325265647684e-8,0.339407444999431,1.0,1.0],[0.004899484067009736,0.0857119341716789,1.0,1.0],[0.004899484067009736,0.0857119341716789,1.0,1.0],[0.009798924113929105,0.16162494404456534,1.0,1.0],[4.40200903674316e-8,0.009798924298792455,1.0,1.0],[0.004899484067009736,0.0857119341716789,1.0,1.0],[0.004899484067009736,0.0857119341716789,1.0,1.0],[0.004899484067009736,0.0857119341716789,1.0,1.0],[0.3922054588537579,2.8255863832239035e-8,1.0,1.0],[3.007592221167986e-8,0.39220546969954506,1.0,1.0],[0.004899484067009736,0.0857119341716789,1.0,1.0],[0.004899484067009736,0.0857119341716789,1.0,1.0],[0.004899484067009736,0.0857119341716789,1.0,1.0],[0.004899484067009736,0.0857119341716789,1.0,1.0],[0.004899484067009736,0.0857119341716789,1.0,1.0],[0.004899484067009736,0.0857119341716789,1.0,1.0],[0.004899484067009736,0.0857119341716789,1.0,1.0],[0.004899484067009736,0.0857119341716789,1.0,1.0],[0.004899484067009736,0.0857119341716789,1.0,1.0],[0.004899484067009736,0.0857119341716789,1.0,1.0],[0.004899484067009736,0.0857119341716789,1.0,1.0],[0.004899484067009736,0.0857119341716789,1.0,1.0],[0.004899484067009736,0.0857119341716789,1.0,1.0],[0.004899484067009736,0.0857119341716789,1.0,1.0],[0.004899484067009736,0.0857119341716789,1.0,1.0],[0.004899484067009736,0.0857119341716789,1.0,1.0]],"solution":{"best_bound":7.781124818921691,"status":"Optimal","objval":7.781124818921691,"solution":[7.781124818921691,0.0,1.0,0.0,0.0,1.0,0.0,0.0,1.0,0.0,0.0,1.0,0.0,1.0,0.0,0.0,0.0,1.0,0.0,0.0,1.0,0.0,0.0,1.0,0.0,0.0,1.0,0.0,0.0,1.0,0.0,1.0,0.0,0.0,1.0,0.0,0.0,0.9134202196245466,1.76915226332836,0.4558145400318703,0.00014617747063351634,8.811573985096222,7.873330621985227,0.32547402813291315,5.227072426250957,58.892771079710776,4.512120626716156e-7,0.34723227355277403,0.17195622170362146,0.007522823738978409,0.009977889743011075,8.373088099019462e-7,0.00022261318656163943,1.4729237090379245e-6,0.00029525205147615133,0.9161284428515449,1.7023631780073198,0.5429422864582674,0.0001819518242518382,9.116168719802838,7.753906191146672,0.3235443232597674,5.203724507466591,58.73824000871298,2.2718720900971465e-7,0.3515747327123522,0.1758255013928729,0.011103966150158186,0.011103972816832414,1.8241034400513088e-6,0.000328567887958803,1.8241056288253067e-6,0.0003285680851942591,0.8077648283034188,1.3507708946614323,0.3958567459877139,0.8,11.000098856205689,9.302275543319679,0.319899990493573,5.3026487853391,60.171251829736924,7.78112414052242,0.33809402731103944,0.1682963833460117,36.272263138827384,60.352001717296574,9.841141318378142,0.6581822667143266,18.01046836296851,0.8323903459434014,0.01110396948346792,0.013751878940141826,1.8241045381508983e-6,0.0003285679865757139,2.7976578354604644e-6,0.0004069040493167184],"nbranches":1,"time":6.440650224685669},"info":{"sense":"Min","nintvars":0,"nbinvars":36}}