{"relaxation":{"status":"Optimal","objval":-6.577088268510434e6,"solution":[-6.577088268510434e6,1.0,1.528083548290673e-14,0.0,1.0,0.0,0.0,0.0,6.24812333771566e-15,1.0,1.0,0.0,0.0,1.378838508508114e-14,0.0,1.0,1.0,0.0,0.0,0.0,1.0,0.0,0.0,1.0,0.0,6.208662363535308e-14,0.0,1.0,0.0,1.0,0.0,1.0,0.0,0.0,1.0,0.0,0.0,0.0,0.0,1.0,1.0,8.732061777119123e-15,0.0,0.0,1.0,0.0,0.0,1.0,0.0,0.0,1.0,0.0,2.0237831373954102e-15,0.0,1.0,0.0,0.0,1.0,1.0,3.9107199243405294e-15,0.0,1.0,6.437086687654013e-14,0.0,0.0,0.0,1.0,0.0,0.0,1.0,0.0,0.0,1.0,4.426662540419618e-15,1.0,0.0,0.0,1.0,0.0,0.0,1.0,0.0,5.223108087580172e-15,1.0,0.0,0.0,0.0,1.0,0.0,1.6599954775434614e-14,1.0,0.0,3.626550359846822e-14,1.0,0.0,1.0,0.0,0.0,0.0,1.0,0.0,0.0,1.0,0.0,0.0,1.0,1.9444029597058358e-15,0.0,1.0,0.0,0.0,1.0,1.53343701056086e-14,1.0,0.0,4.65075551771329e-14,0.0,1.0,0.9999999029082397,1.0709175188848106e-7,0.0,1.0,0.0,0.0,0.0,1.0,0.0,3.090488222825576e-14,0.0,1.0,0.0,0.0,1.0,0.0,0.0,1.0,0.0,0.0,1.0,0.0,0.0,1.0,0.0,1.0,0.0,1.0,0.0,0.0,0.0,2.9924967288754993e-7,0.9999997107503158,1.0,0.0,0.0,0.0,0.0,1.0,0.9999979217733566,2.0882266150498875e-6,0.0,0.0,4.1006951130166486e-14,1.0,1.0,0.0,0.0,1.0,4.1499016365263646e-14,0.0,0.0,0.0,1.0,0.0,3.112195508782663e-14,1.0,1.0,0.0,0.0,1.0,0.0,0.0,0.0,0.0,1.0,0.0,0.0,1.0,0.0,0.0,1.0,0.9999992440291635,7.659708326347305e-7,0.0,0.0,2.2073872043793135e-14,1.0,0.0,4.890434220046747e-16,1.0,1.0,0.0,0.0,0.0,0.0,1.0,1.0,0.0,0.0,1.0,0.0,0.0,0.0,7.663775760498449e-15,1.0,0.0,0.0,1.0,3.9697986084758914e-14,1.0,0.0,0.0,0.0,1.0,2.446259725253757e-7,0.9999997653740076,0.0,1.2514286224459685e-14,0.0,1.0,1.0,0.0,0.0,0.0,0.0,1.0,0.0,1.0,0.0,1.0,0.0,0.0,0.9999989229127747,1.0870872199532384e-6,0.0,0.0,0.0,1.0,1.0,0.0,0.0,0.0,1.0,0.0,3.253601121685458e-7,0.0,0.9999996846398705,0.0,1.0,0.0,1.0,0.0,0.0,1.0,0.0,0.0,1.0,9.510251086731367e-15,0.0,0.0,1.0605803265778862e-14,1.0,0.0,3.088967329885009e-14,1.0,1.0,0.0,0.0,1.0,0.0,0.0,1.0,0.0,2.715406148923895e-15,0.0,1.0,0.0,0.0,0.0,1.0,0.0,0.0,1.0,0.0,0.0,1.0,0.0,1.392804058412744e-14,1.0,0.0,0.0,1.0],"nrestarts":0,"time":0.9826390743255615},"fpump":{"rounds":1.0,"obj":-6.577088e6,"gap":4.082512410434861e-8,"time":0.11118102073669434},"solution":{"best_bound":-6.577088268510434e6,"status":"Optimal","objval":-6.577088e6,"solution":[-6.577088e6,1.0,0.0,0.0,1.0,0.0,0.0,0.0,0.0,1.0,1.0,0.0,0.0,0.0,0.0,1.0,1.0,0.0,0.0,0.0,1.0,0.0,0.0,1.0,0.0,0.0,0.0,1.0,0.0,1.0,0.0,1.0,0.0,0.0,1.0,0.0,0.0,0.0,0.0,1.0,1.0,0.0,0.0,0.0,1.0,0.0,0.0,1.0,0.0,0.0,1.0,0.0,0.0,0.0,1.0,0.0,0.0,1.0,1.0,0.0,0.0,1.0,0.0,0.0,0.0,0.0,1.0,0.0,0.0,1.0,0.0,0.0,1.0,0.0,1.0,0.0,0.0,1.0,0.0,0.0,1.0,0.0,0.0,1.0,0.0,0.0,0.0,1.0,0.0,0.0,1.0,0.0,0.0,1.0,0.0,1.0,0.0,0.0,0.0,1.0,0.0,0.0,1.0,0.0,0.0,1.0,0.0,0.0,1.0,0.0,0.0,1.0,0.0,1.0,0.0,0.0,0.0,1.0,1.0,0.0,0.0,1.0,0.0,0.0,0.0,1.0,0.0,0.0,0.0,1.0,0.0,0.0,1.0,0.0,0.0,1.0,0.0,0.0,1.0,0.0,0.0,1.0,0.0,1.0,0.0,1.0,0.0,0.0,0.0,0.0,1.0,1.0,0.0,0.0,0.0,0.0,1.0,1.0,0.0,0.0,0.0,0.0,1.0,1.0,0.0,0.0,1.0,0.0,0.0,0.0,0.0,1.0,0.0,0.0,1.0,1.0,0.0,0.0,1.0,0.0,0.0,0.0,0.0,1.0,0.0,0.0,1.0,0.0,0.0,1.0,1.0,0.0,0.0,0.0,0.0,1.0,0.0,0.0,1.0,1.0,0.0,0.0,0.0,0.0,1.0,1.0,0.0,0.0,1.0,0.0,0.0,0.0,0.0,1.0,0.0,0.0,1.0,0.0,1.0,0.0,0.0,0.0,1.0,0.0,1.0,0.0,0.0,0.0,1.0,1.0,0.0,0.0,0.0,0.0,1.0,0.0,1.0,0.0,1.0,0.0,0.0,1.0,0.0,0.0,0.0,0.0,1.0,1.0,0.0,0.0,0.0,1.0,0.0,0.0,0.0,1.0,0.0,1.0,0.0,1.0,0.0,0.0,1.0,0.0,0.0,1.0,0.0,0.0,0.0,0.0,1.0,0.0,0.0,1.0,1.0,0.0,0.0,1.0,0.0,0.0,1.0,0.0,0.0,0.0,1.0,0.0,0.0,0.0,1.0,0.0,0.0,1.0,0.0,0.0,1.0,0.0,0.0,1.0,0.0,0.0,1.0],"nbranches":0,"time":1.0942680835723877},"info":{"sense":"Min","nintvars":0,"nbinvars":300}}