{"relaxation":{"status":"Optimal","objval":-7.51282024489064e6,"solution":[-7.51282024489064e6,0.0,1.0,0.0,0.0,5.993708800441683e-15,1.0,0.0,0.0,1.0,0.0,0.0,1.0,1.0,0.0,0.0,5.328779640127644e-15,0.0,1.0,0.0,0.0,1.0,0.0,0.0,1.0,0.0,1.3618062845832567e-14,1.0,3.214784288611972e-15,1.0,0.0,1.0,0.0,1.784092350785829e-14,0.0,0.0,1.0,0.0,0.0,1.0,0.0,1.0,0.0,0.0,0.0,1.0,0.0,0.0,1.0,0.0,0.0,1.0,6.765871588253095e-15,0.0,1.0,1.0,0.0,0.0,0.0,0.0,1.0,0.0,1.7666110813330356e-15,1.0,0.0,0.0,1.0,0.0,0.0,1.0,0.0,0.0,1.0,0.0,2.9729831392064553e-14,1.0,0.0,0.0,1.0,0.0,0.0,1.0,0.0,0.0,1.0,1.0,5.967306922495081e-15,0.0,1.0,0.0,3.842404869170608e-15,0.0,0.0,1.0,0.0,0.0,1.0,0.0,1.0,0.0,0.0,1.0,0.0,0.0,1.0,0.0,0.0,1.0,0.0,0.0,0.0,1.0,0.0,0.0,1.0,0.0,8.454821793339594e-14,1.0,1.0,0.0,0.0,0.0,1.0,0.0,0.0,0.0,1.0,0.0,0.0,1.0,7.704937594919006e-15,0.0,1.0,1.0,0.0,0.0,1.0,0.0,0.0,0.0,0.0,1.0,0.0,1.0,0.0,1.9957362855203431e-16,0.0,1.0,1.0,0.0,0.0,1.0,0.0,0.0,0.0,1.0,0.0,1.0,0.0,0.0,0.0,0.0,1.0,1.0,0.0,0.0,1.0,0.0,0.0,1.0,5.644260229031864e-15,0.0,0.0,0.0,1.0,1.0,0.0,0.0,0.0,1.0,0.0,0.0,0.0,1.0,0.0,0.0,1.0,0.0,0.0,1.0,0.0,1.0,0.0],"nrestarts":0,"time":0.5743482112884521},"solution":{"best_bound":0.0,"status":"Optimal","objval":-7.51282024489064e6,"solution":[-7.51282024489064e6,0.0,1.0,0.0,0.0,5.993708800441683e-15,1.0,0.0,0.0,1.0,0.0,0.0,1.0,1.0,0.0,0.0,5.328779640127644e-15,0.0,1.0,0.0,0.0,1.0,0.0,0.0,1.0,0.0,1.3618062845832567e-14,1.0,3.214784288611972e-15,1.0,0.0,1.0,0.0,1.784092350785829e-14,0.0,0.0,1.0,0.0,0.0,1.0,0.0,1.0,0.0,0.0,0.0,1.0,0.0,0.0,1.0,0.0,0.0,1.0,6.765871588253095e-15,0.0,1.0,1.0,0.0,0.0,0.0,0.0,1.0,0.0,1.7666110813330356e-15,1.0,0.0,0.0,1.0,0.0,0.0,1.0,0.0,0.0,1.0,0.0,2.9729831392064553e-14,1.0,0.0,0.0,1.0,0.0,0.0,1.0,0.0,0.0,1.0,1.0,5.967306922495081e-15,0.0,1.0,0.0,3.842404869170608e-15,0.0,0.0,1.0,0.0,0.0,1.0,0.0,1.0,0.0,0.0,1.0,0.0,0.0,1.0,0.0,0.0,1.0,0.0,0.0,0.0,1.0,0.0,0.0,1.0,0.0,8.454821793339594e-14,1.0,1.0,0.0,0.0,0.0,1.0,0.0,0.0,0.0,1.0,0.0,0.0,1.0,7.704937594919006e-15,0.0,1.0,1.0,0.0,0.0,1.0,0.0,0.0,0.0,0.0,1.0,0.0,1.0,0.0,1.9957362855203431e-16,0.0,1.0,1.0,0.0,0.0,1.0,0.0,0.0,0.0,1.0,0.0,1.0,0.0,0.0,0.0,0.0,1.0,1.0,0.0,0.0,1.0,0.0,0.0,1.0,5.644260229031864e-15,0.0,0.0,0.0,1.0,1.0,0.0,0.0,0.0,1.0,0.0,0.0,0.0,1.0,0.0,0.0,1.0,0.0,0.0,1.0,0.0,1.0,0.0],"nbranches":0,"time":0.5792222023010254},"info":{"sense":"Min","nintvars":0,"nbinvars":192}}