{"relaxation":{"status":"Optimal","objval":-1.3877787807814457e-16,"solution":[-1.3877787807814457e-16,0.3333333333333333,0.3333333333333333,0.3333333333333333,0.3333333333333333,0.33333333333333337,0.33333333333333337,0.33333333333333337,0.33333333333333337,0.33333333333333337,0.3333333333333333,0.33333333333333337,0.33333333333333337,0.33333333333333337,0.3333333333333333,0.3333333333333333,0.3333333333333333,0.3333333333333333,0.3333333333333333,0.3333333333333333,0.33333333333333337,0.33333333333333337,0.33333333333333337,0.33333333333333337,0.33333333333333337,0.33333333333333337,0.33333333333333337,0.33333333333333337,0.33333333333333337,0.3333333333333333,0.33333333333333337,0.33333333333333337,0.3333333333333333,0.33333333333333337,0.3333333333333333,0.33333333333333337,0.33333333333333337,0.3333333333333333,0.33333333333333337,0.33333333333333337,0.33333333333333337,0.33333333333333337,0.33333333333333337,0.33333333333333337,0.33333333333333337,0.33333333333333337,0.33333333333333337,0.33333333333333337,0.33333333333333337,0.3333333333333333,0.3333333333333333,0.3333333333333333,0.3333333333333333,0.33333333333333337,0.33333333333333337,0.33333333333333337,0.33333333333333337,0.33333333333333337,0.3333333333333333,0.33333333333333337,0.33333333333333337,0.33333333333333337,0.33333333333333337,0.33333333333333337,0.33333333333333337,0.3333333333333333,0.33333333333333337,0.33333333333333337,0.33333333333333337,0.3333333333333333,0.33333333333333337,0.3333333333333333,0.33333333333333337,0.3333333333333333,0.3333333333333333,0.3333333333333333,0.33333333333333337,0.33333333333333337,0.33333333333333337,0.33333333333333337,0.3333333333333333,0.3333333333333333,0.3333333333333333,0.33333333333333337,0.33333333333333337,0.33333333333333337,0.33333333333333337,0.33333333333333337,0.33333333333333337,0.33333333333333337,0.33333333333333337,0.3333333333333333,0.33333333333333337,0.33333333333333337,0.3333333333333333,0.33333333333333337,0.3333333333333333,0.33333333333333337,0.33333333333333337,0.33333333333333337,0.3333333333333333,0.3333333333333333,0.3333333333333333,0.33333333333333337,0.3333333333333333,0.33333333333333337,0.33333333333333337,0.33333333333333337,0.33333333333333337,0.33333333333333337,0.33333333333333337,0.3333333333333333,0.33333333333333337,0.33333333333333337,0.33333333333333337,0.33333333333333337,0.33333333333333337,0.33333333333333337,0.33333333333333337,0.33333333333333337,0.33333333333333337,0.3333333333333333,0.33333333333333337,0.3333333333333333,0.33333333333333337,0.33333333333333337,0.33333333333333337,0.33333333333333337,0.33333333333333337,0.33333333333333337,0.33333333333333337,0.3333333333333333,0.3333333333333333,0.33333333333333337,0.33333333333333337,0.33333333333333337,0.33333333333333337,0.3333333333333333,0.33333333333333337,0.33333333333333337,0.33333333333333337,0.33333333333333337,0.33333333333333337,0.33333333333333337,0.33333333333333337],"nrestarts":0,"time":0.548598051071167},"fpump":{"rounds":1.0,"obj":0.0,"gap":null,"time":0.06928706169128418},"tree":{"children":[{"children":[{"step_obj":{"node":{"best_bound":-48.00000165107733,"state":"Integral","relaxation_state":"Optimal","solution":[-48.00000165107733,0.0,1.0,0.0,1.0,0.0,0.0,1.0,0.0,0.0,1.0,0.0,0.0,5.965850658375161e-10,1.0,0.0,7.370436628275013e-10,0.0,1.0,0.0,1.779641204234127e-10,1.0,1.0,0.0,0.0,0.0,1.0,0.0,1.0,0.0,0.0,1.0,0.0,0.0,0.0,1.0,0.0,0.0,0.0,1.0,1.7965850607936445e-10,1.0,0.0,1.0,0.0,8.06215899119432e-10,0.0,0.0,1.0,0.0,0.0,1.0,0.0,1.0,0.0,0.0,1.0,1.8232255619109966e-10,0.0,1.0,4.7620345727996925e-11,1.0,0.0,0.0,1.0,0.0,5.952150358875275e-10,0.0,1.0,2.5334143435837415e-10,0.0,1.0,0.0,0.0,0.0,1.0,1.0,0.0,0.0,1.0,0.0,0.0,0.0,0.0,1.0,1.0,1.8239354287116064e-10,0.0,0.0,1.0,0.0,1.0,0.0,7.369403875536052e-10,1.0,0.0,1.8139179687118136e-10,0.0,0.0,1.0,0.0,0.0,1.0,1.0,0.0,0.0,1.0,0.0,0.0,0.0,1.0,0.0,0.0,1.0,0.0,0.0,1.0,0.0,0.0,1.0,0.0,0.0,0.0,1.0,0.0,1.0,0.0,0.0,1.0,0.0,0.0,0.0,1.0,0.0,0.0,1.0,1.0,0.0,0.0,0.0,1.0,0.0,0.0,1.0,0.0]}},"hash":"6819414529480161824"},{"step_obj":{"node":{"best_bound":-48.00000164308282,"state":"Integral","relaxation_state":"Optimal","solution":[-48.00000164308282,0.0,1.0,0.0,1.0,0.0,0.0,1.0,0.0,0.0,1.0,0.0,0.0,5.966369773262207e-10,1.0,0.0,7.368685906314372e-10,0.0,1.0,0.0,1.785693917624151e-10,1.0,1.0,0.0,0.0,0.0,1.0,0.0,1.0,0.0,0.0,1.0,0.0,0.0,0.0,1.0,0.0,0.0,0.0,1.0,0.0,1.0,0.0,1.0,0.0,8.062955727354739e-10,0.0,0.0,1.0,0.0,0.0,1.0,0.0,1.0,0.0,0.0,1.0,1.8261072343083892e-10,0.0,1.0,4.830795666910944e-11,1.0,0.0,0.0,1.0,0.0,5.961257257664972e-10,0.0,1.0,2.5346177305484055e-10,0.0,1.0,0.0,0.0,0.0,1.0,9.138485292505363e-9,1.0,0.0,1.0,0.0,0.0,0.0,0.0,1.0,1.0,1.8268769395176006e-10,0.0,0.0,1.0,0.0,1.0,0.0,7.366074192713693e-10,1.0,0.0,1.8203169373593262e-10,0.0,0.0,1.0,0.0,0.0,1.0,1.0,0.0,0.0,1.0,0.0,0.0,0.0,1.0,0.0,0.0,1.0,0.0,0.0,1.0,0.0,0.0,1.0,0.0,0.0,0.0,1.0,0.0,1.0,0.0,0.0,1.0,0.0,0.0,0.0,1.0,0.0,0.0,1.0,1.0,0.0,0.0,0.0,1.0,0.0,0.0,1.0,0.0]}},"hash":"13248289687605439493"}],"step_obj":{"state":"Normal","gain_gap":1.4473388541989977e9,"nrestarts":0,"strong_int_vars":[],"branch_time":0.02278900146484375,"timestamp":35.89238905906677,"upd_gains_time":0.004467964172363281,"node_idx_time":0.7295928001403809,"var_idx":78,"counter":2,"upd_gains":"None","node":{"best_bound":-48.00000164032159,"level":2,"state":"Done","relaxation_state":"Optimal","var_idx":78},"idx_time":0.729590892791748},"hash":"14189343951524303227"},{"step_obj":{"node":{"best_bound":-44.00000156833101,"state":"Branch","relaxation_state":"Optimal"}},"hash":"1557243331984229553"}],"step_obj":{"state":"Normal","gain_gap":0.0,"nrestarts":0,"strong_int_vars":[1,2,3,7,8,9,10,15,16,18,19,20,21,22,24,25,26,30,31,32,33,35,36,37,38,39,40,41,43,44,45,46,47,49,51,52,53,55,56,57,58,60,61,65,66,67,68,69,73,77,80,81,85,86,88,89,90,91,92,95,97,98,99,100,102,105,106,109,110,111,112,113,114,116,123,126,127,128,129,130,132,134,135,136,138,139,140,141,142,143,144],"branch_time":0.0,"timestamp":35.11224102973938,"upd_gains_time":0.0,"node_idx_time":35.11214900016785,"var_idx":9,"obj_gain":{"minus_counter":[1,1,1,0,0,0,1,1,1,1,0,0,0,0,1,1,0,1,1,1,1,1,0,1,1,1,0,0,0,1,1,1,1,0,1,1,1,1,1,1,1,0,1,1,1,1,1,0,1,0,1,1,1,0,1,1,1,1,0,1,1,0,0,0,1,1,1,1,1,0,0,0,1,0,0,0,1,0,0,1,1,0,0,0,1,1,0,1,1,1,1,1,0,0,1,0,1,1,1,1,0,1,0,0,1,1,0,0,1,1,1,1,1,1,0,1,0,0,0,0,0,0,1,0,0,1,1,1,1,1,0,1,0,1,1,1,0,1,1,1,1,1,1,1],