{"relaxation":{"restarts":[[-5.2793330867590615,0.34651701419196046,0.3127069683360675,0.00790928339056074,0.4886128300795012,0.21096820215853596,0.951916339835734,0.9999046588986136,0.25166218303197185,0.9866663668987996,0.5557510873245723,0.43710797460962514,0.42471785049513144,0.773223048457377,0.2811902322857298,0.20947237319807077,0.25137920979222494,0.02037486871266725,0.2877015122756894,0.859512136087661,0.07695088688120899,0.6403962459899388,0.8735441302706854,0.27858242002877853,0.7513126327861701,0.6448833539420931,0.07782644396003469,0.8481854810000327,0.0856351682044918,0.5532055454580578,0.46335024592359875,0.18582130997265378,0.11198087695816716,0.976311881619359,0.051614620674327094,0.5380295812064833,0.4556920516275036,0.2793951106725605,0.17824610354168602,0.5489828719625274,0.37097066286146885,0.8941659192657594,0.6480537482231894,0.4170393538841062,0.14456554241360564,0.6224031828206811,0.8723344353741975,0.5249746566167794,0.24159060827129641,0.8848369255734128,0.4408974233731111,0.40467263869902004,0.7367868019103596,0.9538034231508576,0.09518559239746227,0.5196753317937302,0.013540332577443914,0.3033988122056488,0.7025571355154578,0.5965370068827476,0.638934839693621,0.8723474485143243,0.548635145519931,0.26299203233756496,0.5264433516590159,0.46501931862871637,0.27551933532993544,0.4618225911804512,0.9518613955904869,0.28873732530669916,0.6612321555087208,0.19456780644792482,0.393193497656424,0.9907406554003964,0.5503342139580574,0.5807816346526631,0.7683586278313637,0.5195246572418608,0.5148629711054435,0.9981360570779374,0.6036816885930896,0.7587747975618098,0.590953157912963,0.7220856092527972,0.953207040651399,0.38441136185217295,0.3200111699127468,0.865624810646251,0.45456977127305676,0.4202865080388871,0.22515104100350247,0.28616914065436294,0.3091439610705362,0.17039082135268968,0.14716190329632184,0.23006281697084185,0.09292924093459032,0.6814146962328582,0.762276463170743,0.33908123311767135,0.1387630205269108,0.4564461494422447,0.7399181702358935,0.816003806795,0.11452851400716413,0.7489278209847108,0.8781082146105776,0.9304810599220203,0.8962907387006602,0.6631449677769361,0.4727988856860361,0.8805252273121609,0.014103300731604707,0.5027738505735144,0.2248507679922378,0.28785752457114433,0.10403265240715243,0.4757487965157381,0.41668074230955066,0.5213873819245542,0.9084986119637708]],"status":"Optimal","objval":1182.9998983632124,"solution":[1182.9998983632124,1.0,0.0,4.832183857847246e-14,1.0,0.0,1.3600645594911438e-13,1.0,0.0,4.054755987724388e-13,1.0,0.0,8.764062594706228e-13,1.0,0.0,1.5867117297257333e-12,1.0,0.0,2.6004836694509994e-12,1.0,0.0,4.024103441601317e-12,1.0,0.0,6.0405185528826434e-12,1.0,0.0,8.98484350956357e-12,1.0,0.0,1.3536577833234684e-11,1.0,0.0,2.1318588869732505e-11,1.0,0.0,3.7310284939838354e-11,1.0,0.0,8.683957911029743e-11,0.9985339363510655,0.0,0.0014660736341066734,7.572727573761134e-11,0.0,1.0,2.6209667038414605e-11,0.0,1.0,4.636017853714516e-12,0.0,1.0,0.0,0.0,1.0,0.0,0.0,1.0,0.0,0.0,1.0,0.0,0.0,1.0,0.0,0.0,1.0,0.0,0.0,1.0,0.0,6.777587858737706e-12,1.0,0.0,2.282754460487266e-11,1.0,0.0,5.01737036620505e-11,1.0,0.0,1.8302191171491998e-10,1.0,0.0,1.0,2.2458939384781112e-10,0.0,1.0,5.493874317670575e-11,0.0,1.0,2.9606142848235194e-11,0.0,1.0,1.8984636690331658e-11,0.0,1.0,1.323892259445408e-11,0.0,1.0,9.69104544962724e-12,0.0,1.0,7.335079125710903e-12,0.0,1.0,5.708487252108499e-12,0.0,1.0,4.5681945828005256e-12,0.0,1.0,3.776618378216753e-12,0.0,1.0,3.2515023698918307e-12,0.0,1.0,2.944185507268172e-12,0.0,1.0,1.0063146779375165e-12],"nrestarts":1,"time":1.2527778148651123},"fpump":{"rounds":1.0,"obj":1183.0,"gap":8.59144442741788e-8,"time":0.16388916969299316},"solution":{"best_bound":1182.9998983632124,"status":"Optimal","objval":1183.0,"solution":[1183.0,1.0,0.0,0.0,1.0,0.0,0.0,1.0,0.0,0.0,1.0,0.0,0.0,1.0,0.0,0.0,1.0,0.0,0.0,1.0,0.0,0.0,1.0,0.0,0.0,1.0,0.0,0.0,1.0,0.0,0.0,1.0,0.0,0.0,1.0,0.0,0.0,1.0,0.0,0.0,1.0,0.0,0.0,0.0,0.0,1.0,0.0,0.0,1.0,0.0,0.0,1.0,0.0,0.0,1.0,0.0,0.0,1.0,0.0,0.0,1.0,0.0,0.0,1.0,0.0,0.0,1.0,0.0,0.0,1.0,0.0,0.0,1.0,0.0,0.0,1.0,0.0,0.0,1.0,0.0,0.0,1.0,0.0,1.0,0.0,0.0,1.0,0.0,0.0,1.0,0.0,0.0,1.0,0.0,0.0,1.0,0.0,0.0,1.0,0.0,0.0,1.0,0.0,0.0,1.0,0.0,0.0,1.0,0.0,0.0,1.0,0.0,0.0,1.0,0.0,0.0,1.0,0.0,0.0,1.0,0.0],"nbranches":0,"time":1.4170408248901367},"info":{"sense":"Min","nintvars":0,"nbinvars":120}}