{"relaxation":{"status":"Optimal","objval":12.456719418999722,"solution":[12.456719418999722,1.604887696295084e-8,3.0827908881474764e-9,0.9999999808683322,4.830325058787918e-9,0.0,0.9999999979610986,1.2921920492215119e-9,0.0,1.0,1.2472348948900872e-9,0.0,1.0,0.0,0.0,1.0,0.0,0.0,1.0,6.82108757014155e-10,0.0,1.0,0.0,1.0,0.0,0.0,1.0,0.0,0.0,1.0,0.0,0.14550883642475018,0.8544911733723001,0.0,0.40260382442566994,0.0,0.5973961853776212,1.0,0.0,0.0,1.0,0.0,0.0,1.0,0.0,0.0,0.22648461920225174,0.2393058018177115,0.11720805071249665,0.19564092296991753,0.20577887766245495,0.08260495948019303,0.186651272202921,0.17104889365322876,0.06461103281583011,0.1524322441693839,0.15761860011389864,0.03333335907231125,0.14509657532563222,0.16183587887937181,0.02771764835613767,0.1268497831939211,0.14651812189466054,1.8780224911323096e-9,0.154114193588903,0.14989085864426366,0.04066868252872878,0.19711741521008272,0.001916850313578753,0.24553088796661274,0.2102763926925692,0.0122637499505615,0.25845573538285754,0.20657013652939962,0.03123430991199831,0.2724702535761795,0.057381950431473594,0.021363470333002694,0.24441616588955115,0.05925284016827483,0.18232771989026625,0.04018417834076309,0.011238670206093131,0.21743174306078497,0.1824774394284675,0.016140480358043975,0.2180417762458403,0.17897859980015474,0.027782930070141473,0.26630647038947963,0.21682948815387978,5.959999050600098,40.18000691379834,99.27998926369595,61.866657497374646,56.28665761047641,37.72666685923131,59.646666732391076,59.27333339386243,0.2367602592480872,0.3315212306977885,0.3075485084721244,0.19866677845566605,1.1136952451441355,3.795613211879688e-8,0.26814217011802594,0.11858896844642373,0.6902853532176383,1.1783663112734648,1.5868682629230126,3.872297681664602,0.2938537061287203,0.6133381733264621,1.646786731927437,0.2795057500657849,0.3400071002277582,0.30694354823423714,-0.8084312799198026,-0.8084312700069112,-0.8804305400028334,0.038520314164347605,0.05170977796800173,0.012702319474783608,0.03823981375114307,0.04849440362996206,0.009341608858631775,0.08197756845212605,0.06439093324560811,0.04455178229221317,0.03701733022880949,0.04171891119302062,0.0023607086546909048,0.0390859228629164,0.0483520811906362,0.007432878296604102,0.03926905902895055,0.04591050443628385,1.179385249154663e-8,0.06668018242922083,0.05666328290537233,0.02826305214582913,0.07231203518157822,0.0,0.07697698771409714,0.08403575438258461,0.012263759816762178,0.088506861102131,0.0745232192554976,0.0022501498386644256,0.07680169118992362,0.04825990022294312,0.01224143027692483,0.06483343798109562,0.0248768000111463,0.0449522445242384,0.0025609782860834232,0.0058776000300553985,0.06220857970057292,0.051214126989005335,0.0,0.06832195932661206,0.056512519403577835,0.02161605010806192,0.09075281466509225,0.07450043969700272,0.1879643050379041,0.18759602384970975,0.10450573123771305,0.15740110921877448,0.1572844740324929,0.07326335062156125,0.10467370375079496,0.10665796040762066,0.020059250523616946,0.11541491394057439,0.11589968892087804,0.030972650417620345,0.10601065246271582,0.11348379768873562,0.020284770059533566,0.08758072416497055,0.10060761745837668,0.0,0.08743401115968215,0.09322757573889132,0.01240563038289965,0.12480538002850448,0.001916860033593706,0.16855390025251563,0.12624063830998458,0.0,0.16994887428072653,0.13204691727390203,0.028984160073333883,0.19566856238625585,0.009122050208530475,0.009122040056077864,0.1795827279084555,0.034376040157128536,0.13737547536602784,0.037623200054679666,0.005361070176037734,0.15522316336021205,0.13126331243946218,0.016140490146142276,0.14971981691922825,0.12246608039657692,0.006166879962079557,0.17555365572438736,0.14232904845687705,0.23676026674218362,0.33152123819188495,0.3075485159662208,0.19866678594976245,1.113695252638232,4.5312065279664795e-8,0.26814217761212233,0.11858897594052012,0.6902853607117346,1.1783663187675613,1.586868270417109,3.8722976891586987,0.29385371362281676,0.6133381808205586,1.6467867394215332,0.9999966092860646,3.6134834493273513e-6,0.9999976212029376,0.9999967407729913,0.9999964531892085,8.464318244970551e-8,1.7422864465320368e-8,2.3088190124955206e-8,2.0403078928602107e-8],"nrestarts":0,"time":1.1778688430786133},"fpump":{"rounds":1.0,"obj":12.45671937819606,"gap":3.2756345917177197e-9,"time":0.37247776985168457},"solution":{"best_bound":12.456719418999722,"status":"Optimal","objval":12.45671937819606,