{"relaxation":{"status":"Optimal","objval":573.7026747512783,"solution":[573.7026747512783,1.0500000093011177,1.0465783908300679,1.0334113621874261,1.030471065510769,1.0315160745806133,1.0241359369601795,1.0180695947049987,1.0128590205741226,1.0316481737028314,1.035806887965931,1.0316481737028314,1.0500000095063335,1.09010218244347,1.0391337938228187,1.0404833819708774,1.0370632953707652,1.0311060235678864,1.026617957962254,1.0218155447641424,1.0244410420622505,1.0410315916303703,1.0463565492227713,1.0523026152884467,1.0367845356117562,1.0500000097091449,1.0330440274526649,1.0641454431060724,1.0295007252274537,1.0450995059280157,1.0341593151146884,-0.1654134906248443,0.16541349062484428,0.06157864702354004,-0.060788881105300153,0.08191157123929867,-0.08165620660016797,-0.00873188472720263,0.008748802320069792,-0.022780617985792107,0.023067023151220806,0.06739088418387447,-0.06739088418387447,-0.09900672934427956,0.09928647799801585,0.22027742058025343,-0.21939451199036084,-4.3368063164712733e-19,0.0,0.18627435619477914,-0.18594102405720003,0.053621920774329805,-0.053268115272797366,2.5690451821923193e-9,-2.719298842903789e-9,0.05716789912095634,-0.05665509154679169,0.14860260077178786,-0.14750846983718707,-0.05797947104521389,0.058081207664327054,0.1459563674378912,-0.1459563674378912,0.0019237479708523796,-0.0017531108104581897,0.11793404581862255,-0.11793404581862255,0.08760218626485046,-0.08705780235761747,0.03712370616243989,-0.03702052895478611,-0.18354681441664744,0.1835468144166474,0.21732718202528425,-0.21635087865396962,-0.0354108933035299,0.03571349848701446,0.14750846983718707,-0.14634379339983203,-0.1732468891895418,0.17385867534284136,0.16210664165604324,-0.16171668200383166,0.08066763951973277,-0.08008120766432705,0.030583679765245782,-0.03034491102225348,0.07101736073009059,-0.06951647918064499,0.06751416049770398,-0.06735115574292047,-0.08364912134603036,0.08426033641863158,0.058145751023555264,-0.057726483134562454,0.11793404581862253,-0.11793404581862255,-0.07340631415466188,0.07395923679836429,0.03541089602282874,-0.035,0.06971531419220954,-0.06912370616243989,0.022726483134562454,-0.022648844257079512,0.2268464798110769,-0.22384027191896874,0.20037489012455761,-0.19812198503673442,0.2123903934752653,-0.21027435619477916,0.03678888110530015,-0.036483520819355006,-0.24769145787468136,0.2612599989814388,0.016529689721629735,-0.015021954786807451,0.04185674080025818,-0.05160236892137834,0.0026055069356844423,-0.0025901273058047585,-0.062215749873393,0.06282947522788254,-0.020144882217865194,0.022786349710328103,-0.03994086109319514,0.03280526243417496,-0.02871103134142629,-0.0016076381011566193,-4.440902922842551e-16,0.0,0.029995074464800348,-0.02866174591448386,0.019372085522338735,-0.018605506935684444,-1.2514763983815206e-9,9.905095139785512e-10,0.033165182801414464,-0.03210012091661062,0.032473405155281444,-0.04969039891843641,-0.013385739953234768,0.013623125397832725,-0.07483948680065135,0.0814270252609966,-0.0780950023964142,0.07849315577066997,-0.03828710364299424,0.03987611148482094,0.029998393672127834,-0.028987394987265904,0.020837810663347008,-0.020614260046765236,-0.08300968784355464,0.09832476408904009,0.2348806201215263,-0.23097540663626773,-0.023624562945209544,0.02420226375004378,0.04969039891843641,-0.05739763107862166,-0.19049315577066997,0.19171672807726908,0.12300449695894664,-0.12144465835010375,0.021991466393780343,-0.020623125397832724,0.03525803094640032,-0.03489987783191298,0.016364748654550457,-0.01355059574933996,0.0356568246808778,-0.03522214533479025,-0.06902459336373226,0.05020442540937969,0.04189395341921822,-0.0409622469992329,-0.035253543431930316,0.03828710364299468,-0.024443504429815653,0.025549349717220452,0.02362456195470003,-0.023,0.03102102672288632,-0.029837810663347005,0.0229622469992329,-0.022777854665209752,0.047530231886674365,-0.059953415828690085,0.020314525735249157,-0.03550326424381142,0.028331625333387515,-0.04199507446480035,0.006021954786807452,-0.00544940425066004,0.0,-0.012248942382709422,-0.03538382954425319,-0.04209908343748182,-0.03777055807109341,-0.04707779192730696,-0.05200749729386823,-0.053193947447777806,-0.07052057029706862,-0.08266094812413259,-0.07052057029706862,-0.07717924165957381,-0.05280767408408129,-0.08782663413409773,-0.08568125018251135,-0.08439628988431007,-0.08671650215578657,-0.09684539474896103,-0.10025413832382468,-0.09676060178284138,-0.08495854341649753,-0.08352641199172049,-0.07450476889650098,-0.08470086313005862,0.019288855344757563,0.012328325074231483,0.026535449902901766,-0.04053092219820211,0.0065487375606822626,-0.007431858538337291,0.43266781405551874,0.5734294587170615,0.16541349062484428,0.22750937825930792,0.16312713591932063,0.3518563206572925,-0.0003794060080387773,0.22571052467604835,0.2612599989814388,0.289804234251552,0.07471453251863491,0.15542146621526406,0.8302368014345564,1.0,0.9999999910765931,0.9999991481415678,0.9999999863910228,0.9999999207797612,0.7563660724818069,0.999999999908659,0.5000001238770716,0.9999999958010314,0.9999999940991637,0.0,0.9999999978856,1.0,0.9999999620121576,0.9999972932657306,0.9999999717498549,0.9999998616858544,0.9999999961571238,0.9999999197351374,0.9999999990829127,0.9999999939998672,0.5974591461451821,1.0,0.9999999994025194,0.9999999974928497,1.0,0.9999999827930629,1.0,0.9999999762032716,1.0,0.9999999925884927,0.9999999323116258,0.9999999975484382,0.999999994759662,0.9999999971046509,0.9999998977555601,1.0,1.0,1.0,0.9999999901648982],"nrestarts":0,"time":0.8111350536346436},"fpump":{"rounds":1.0,"obj":573.9181315249253,"gap":0.0003754137773527766,"time":1.2615559101104736},"tree":{"children":[{"step_obj":{"node":{"best_bound":582.7140698103401,"state":"Branch","relaxation_state":"Optimal"}},"hash":"1672471593321303987"},{"children":[{"step_obj":{"node":{"best_bound":574.3504169182922,"state":"Branch","relaxation_state":"Optimal"}},"hash":"8385783862256527737"},{"children":[{"step_obj":{"node":{"best_bound":574.0662113703487,"state":"Branch","relaxation_state":"Optimal"}},"hash":"5636340554334198266"},{"children":[{"step_obj":{"node":{"best_bound":null,"state":"Infeasible","relaxation_state":"Infeasible"}},"hash":"13985813122503366144"},{"children":[{"step_obj":{"node":{"best_bound":573.9373047692982,"state":"Branch","relaxation_state":"Optimal"}},"hash":"8316439320153657939"},{"step_obj":{"node":{"best_bound":573.9181313391452,"state":"Branch","relaxation_state":"Optimal"}},"hash":"10156888018488772373"}],"step_obj":{"state":"Normal","gain_gap":0.8666936211491062,"nrestarts":0,"strong_int_vars":[],"branch_time":0.0984339714050293,"timestamp":1.785794973373413,"upd_gains_time":1.2874603271484375e-5,"node_idx_time":4.506111145019531e-5,"var_idx":260,"counter":5,"upd_gains":"None","node":{"best_bound":573.812413648047,"level":5,"state":"Done","relaxation_state":"Optimal","var_idx":260},"idx_time":4.291534423828125e-5},"hash":"8810408665755382603"}],"step_obj":{"state":"Normal","gain_gap":0.9268741768035613,"nrestarts":0,"strong_int_vars":[],"branch_time":0.2890889644622803,"timestamp":1.687196969985962,"upd_gains_time":1.1920928955078125e-5,"node_idx_time":4.291534423828125e-5,"var_idx":259,"counter":4,"upd_gains":"None","node":{"best_bound":573.7196398814239,"level":4,"state":"Done","relaxation_state":"Optimal","var_idx":259},"idx_time":4.1961669921875e-5},"hash":"16230557024870958989"}],"step_obj":{"state":"Normal","gain_gap":0.7284244303033266,"nrestarts":0,"strong_int_vars":[],"branch_time":0.06880784034729004,"timestamp":1.3979439735412598,"upd_gains_time":1.2874603271484375e-5,"node_idx_time":0.005926847457885742,"var_idx":244,"counter":3,"upd_gains":"None","node":{"best_bound":573.7026746849025,"level":3,"state":"Done","relaxation_state":"Optimal","var_idx":244},"idx_time":0.00592494010925293},"hash":"14189264668872976185"}],"step_obj":{"state":"Normal","gain_gap":0.6664420368206536,"nrestarts":0,"strong_int_vars":[],"branch_time":0.0850069522857666,"timestamp":1.3071129322052002,