{"relaxation":{"status":"Optimal","objval":5296.686201501537,"solution":[5296.686201501537,1.1000000098893554,1.0977106494967017,1.0751168916562401,1.094221526083173,1.0844485056984379,1.1000000099879481,1.0894894945230276,1.1000000099882803,1.071755458777656,0.9418738038393241,-0.9418738038393241,-0.6193092697978234,0.6220958148848261,-0.5495930906743157,0.5596906046613188,0.3821831991780052,-0.3806907302021767,-1.3432060071121077,1.3432060071121077,0.35221229731661047,-0.35040690932568425,0.8979870769834484,-0.8979870769834486,-0.542826776853564,0.5457747796668381,0.7211101922272815,-0.707173223146436,-0.17739284209773368,0.27291250224315333,-0.16316150098004362,0.008189615388664898,-0.16117640845382059,-0.22190790768778382,-0.05100459455536953,-0.18683849901995636,0.09332371168282076,0.034219451297677346,-0.03890067074321197,-0.1388235915461794,0.1296564585115957,-0.09046981810218134,-0.3107587519943879,0.12937048884539332,-0.10151332707148565,-0.18924124800561212,0.0,0.11064358011545596,0.10639403809560531,-0.04298613385086578,-0.06949870174700652,0.010522400025051972,-0.02087888663860064,0.015806280200442398,-0.08055110819034043,0.8979870769834484,1.3432060071121077,0.9418738038393241,0.1296564585115957,0.034219451297677346,-0.17739284209773368,0.4875479214054442,1.0,1.0,1.0,0.7341995366990045,1.0,0.9999999937030436,1.0,1.0],"nrestarts":0,"time":0.5691440105438232},"fpump":{"rounds":2.0,"obj":5296.686202386669,"gap":1.6711053541319841e-10,"time":0.6728382110595703},"solution":{"best_bound":5296.686201501537,"status":"Optimal","objval":5296.686202386669,"solution":[5296.686202386669,1.100000009676889,1.0973546336906632,1.0866203125464413,1.094221525684194,1.0844485051132156,1.1000000099669305,1.0894894943072384,1.1000000099681475,1.07175545806778,0.941873803861155,-0.941873803861155,-0.6193092697858561,0.6220958149027229,-0.5495930905679713,0.5596906046547734,0.3821831992063816,-0.38069073021414396,-1.3432060071130663,1.3432060071130663,0.3522122974449043,-0.35040690943202873,0.8979870773188331,-0.8979870773188331,-0.5428267770230449,0.5457747798739286,0.7211101922103432,-0.7071732229769551,-0.2263420833563994,0.2729124949494177,-0.16316150132367843,0.008189617787619298,-0.1611764085255693,-0.22190790268901905,-0.05100459226039866,-0.18683849867632155,0.09332370434032213,0.0003184267794510567,-0.03890066869058002,-0.13882359147443066,0.12965646265034422,-0.09046982239283434,-0.3107587516577461,0.12937049108341436,-0.10151332212794142,-0.1892412483422539,0.0,0.08541019786993051,0.05671520036538258,-0.04298613362006886,-0.06949870179471238,0.010522400727541606,-0.020878886241525604,0.015806280958401066,-0.08055110837576215,0.8979870773188331,1.3432060071130663,0.941873803861155,0.12965646265034422,0.0003184267794510567,-0.2263420833563994,1.0,1.0,1.0,1.0,1.0,1.0,1.0,1.0,1.0],"nbranches":0,"time":1.2423460483551025},"info":{"sense":"Min","nintvars":0,"nbinvars":9}}