{"relaxation":{"status":"Optimal","objval":41865.91775664911,"solution":[41865.91775664911,1.0324545088653134,1.0423962737167947,1.0247474243838703,1.0050484676459663,1.0102835118019755,1.0133894129011236,1.002511544864756,1.0015139584942476,1.0393371666544808,1.0233146161551505,1.0186467331759517,0.9996515285830544,1.0190922558879036,1.0130928556812482,1.0096670104834629,1.0231519429044242,1.023528099590593,1.022638867539919,1.0409290325365503,1.0371797868289163,1.0216288199164705,1.0387219042819538,1.0354072537390548,1.0284860175164734,1.048235372187199,1.05339796424354,1.039660740198163,1.0581691120743497,1.0589233587714064,1.0600000099944695,1.0600000099854383,1.0600000099806761,1.0600000099751432,1.0600000099621312,1.0600000099840536,1.060000009972963,1.0527272076607177,1.0600000099676545,1.0315377441921003,-0.09337406965400272,0.09370252516174289,4.094373341092396,-4.08096145915346,2.195548547938084,-2.1922997579856736,-6.368000009957741,6.368000009957741,5.071559548100211,-5.055969907247532,2.652901899160815,-2.6462993246939743,2.6644667058038634,-2.6547505260273923,-6.700714269697835,6.700714269697835,-3.628901899160815,3.6724683241602056,1.186947471166559,-1.1842259692277124,-6.603206699610427,6.603206699610427,3.9738068149964265,-3.9537576434573882,3.67286896679243,-3.6451081451521063,-2.6338176163805223,2.642562364524642,-5.057983578230802,5.080000009991594,1.575991207875187,-1.567540656268188,0.15608044664164453,-0.15524947397260766,-6.209646568597515,6.239516673756429,-3.8662202140949726,3.876455332335624,-0.45318982770917093,0.4534474324070618,-4.714186872659696,4.74833502236233,1.7440108426474303,-1.7420164217691978,2.433171770122366,-2.415632638091536,-3.237491526497789,3.247801214333667,0.008074069654002715,-0.007768476402580496,2.036219311344029,-2.033447432407062,-1.0619735337517902,1.0629571219567278,-3.460374223207342,3.4696465685975153,1.5025406562681878,-1.500372795362037,0.3636900258539971,-0.36355352461161317,2.7290877079846347,-2.722496356477158,-6.702516571185488,6.7025165711854875,2.826060210994548,-2.8227902331463777,-5.1573304630491235,5.162660675952503,-0.5587886664047134,0.5591081451521067,-5.6226949135121815,5.640000009986638,-6.549704882596587,6.580537812968192,-0.037442429758742346,0.0374915264977885,-5.784315442180817,5.800000009983682,-1.0662953557398793,1.0721425180719457,-6.49234586500976,6.52000000964163,-2.753800497020497,2.7599387862359004,3.8746540587032867,-3.8686868559330434,-0.9437585679711437,0.9495231433898154,2.7179699072475327,-2.715029748721726,-0.572538711972448,0.5738176163805221,-0.44319626541513224,0.4521261495318204,0.5141958030807134,-0.4757787375765555,-0.2653970261111248,0.16616549566728403,-1.4148849042915974,2.4507918929524424,0.923029356133672,-0.7987954912659729,-0.385343810817689,-0.24835399673319616,0.6427651015195898,-0.8031721151935433,-1.461513027236606,2.359847885430722,-0.05665618918231104,-0.18374366083214144,0.7723005313954433,-0.9557771995053426,-1.2619281346107787,1.860926910790711,0.8434878603664608,-0.8853882940407368,0.0013898856146087018,0.05582131944018291,0.09947969586453144,-0.2841708920249871,-0.855778075686388,1.2961067109022066,-1.2869232688009027,1.0240604923391337,-0.050551808433763334,0.04817211519354318,-0.7745807448717549,1.0250753293497565,-0.3323000358653528,0.30881071460100906,0.08908776264529351,-0.3100245361721115,-0.5036785542903007,0.5960424069144218,0.21354050734162955,-0.17422192431361203,-0.6113560899000187,0.20204963905718237,-1.1809632184425907,1.1119763183835718,-0.4368037345848678,0.4451120511079077,-0.1156136872335207,0.010024536172111503,-0.40562955124359407,0.28510060364628753,0.2655520561469308,-0.375419255128245,-0.3580604923391336,-0.8743181149615888,0.23685280526102212,-0.4332071366326351,0.3081804517307563,-0.41210250781185154,-0.6447530522580095,1.39999999024324,0.7194343017151569,-0.7603066012625768,-0.799296406727001,0.8241555840232782,-0.9314527941290771,0.8661786805598172,0.27681603074846584,0.3923143662638791,0.5641740440097273,0.03706809823656578,-0.024749916308651126,-0.3490367815574096,-0.4141827489819736,1.2674232374577916,-0.5347152187425024,-0.5490031519847403,-0.8095829142560513,1.3705669910739926,-0.47859324925106334,0.4368524241205027,0.7420787255214489,-0.7539227657089168,-0.014991147276309801,-0.13745994084844707,-0.041204508734027034,-0.0032979936225417707,-0.4800995218342698,-0.3754796958645315,-0.23645490482298007,-0.09638648136459474,-0.1513914489275984,-0.17481953762350588,-0.16169803429250307,-0.14875228091752452,-0.19411496518674826,-0.20656857379394206,-0.26398218923632527,-0.10252842707454121,-0.11821304400010658,-0.11718179910212922,-0.11389079896300341,-0.1402450455939949,-0.13916375925834687,-0.11065381869074463,-0.1294445773062791,-0.14542841543753887,-0.024752062514575852,-0.046907630342381997,-0.06564195084003535,0.01588768470608885,0.012829046673566285,-0.1077762110608513,-0.08854635697253097,-0.16070967860767774,-0.1954888736208484,-0.13654305765192146,-0.10074391739304371,0.013629094578311747,0.0,0.021336153115077337,0.05838324290410109,0.03529573723584147,0.10175335543305927,0.1564859773459517,0.030093260524435207,-0.009185757492707466,-0.29875545360310285,6.7025165711854875,6.460000009957741,6.700714269697835,6.52000000964163,5.080000009991594,6.603206699610427,5.800000009983682,5.640000009986638,6.580537812968192,6.893327879943987,1.39999999024324,2.496791892952442,2.359847885430722,1.3705669910739926,1.2961067109022066,1.860926910790711,1.2674232374577916,0.3923143662638791,0.03706809823656578,1.377327888305215,1.0,1.0,1.0,1.0,1.0,1.0,1.0,1.0,1.0,1.0,1.0,1.0,1.0,1.0,1.0,1.0,0.03926221359616305,1.0,1.0,1.0,1.0,1.0,1.0,1.0,1.0,1.0,1.0,1.0,1.0,1.0,1.0,1.0,1.0,1.0,1.0,1.0,1.0,1.0,1.0,1.0,1.0,1.0,1.0,1.0,1.0,1.0],"nrestarts":0,"time":3.4471471309661865},"fpump":{"rounds":1.0,"obj":41866.12316908695,"gap":4.9064117308257785e-6,"time":3.446629047393799},"solution":{"best_bound":41865.91775664911,"status":"Optimal","objval":41866.12316908695,