{"relaxation":{"status":"Optimal","objval":8082.3010452414055,"solution":[8082.3010452414055,1.0600000099965177,1.0398201371939981,1.016321603288463,1.0153732237938304,1.0200960770206446,1.0169209858936896,1.0195017855302626,1.0592940367672623,0.9970974419249186,0.9927729366619714,1.001063914036845,1.0008741477238572,0.9955103816705057,0.9773402178722869,0.5563318013820558,-0.5428634387231035,0.27878819530331245,-0.2787881953033125,-0.03251973263301531,0.032677412877803486,0.18576945233490227,-0.1857694523349023,0.433281043045039,-0.433281043045039,0.09721113821300723,-0.09590171850786394,-0.48048501726491516,0.48349886027280353,0.17528930184755578,-0.17292158433144336,-0.09301874296841013,0.09301874296841013,0.05371152104717486,-0.05309828149213605,0.07766823523498587,-0.0768646266899671,0.06832349603942492,-0.06767741287780349,0.01586462668996711,-0.0157899367157315,0.6482364313177869,-0.6277682951027194,0.05761418994766394,-0.05748026736698468,1.2921680086556104,-1.263364160501226,0.37231566180855874,-0.36501160821512324,-0.11649062119598522,0.11755209266856212,0.17103713285735866,-0.17103713285735866,0.4844900194265919,-0.47187366059590785,-0.003730238555780194,0.014173205992719004,0.2118355520567226,-0.19885967907390928,-0.02892314033738577,0.029292252398524517,-0.005837012164950085,0.017764015614397232,0.03571953806929585,0.010056039767706393,0.028138036850635394,-0.02535272570378231,0.04341349169619036,-0.03390690524958744,0.07929930730350568,-0.07463653238553206,-0.22959956767111983,0.2400000099142184,0.025895853421851613,-0.024647274296217693,0.026999431256286087,-0.02532689767967459,0.04864523135037377,-0.04729225239852452,0.009326897679674588,-0.009259321036319552,0.04612878882000066,-0.014873969403959663,0.029432611252281148,-0.029076859662614234,-0.0461287986727122,0.07586379244297337,-0.011468086455553814,-0.0029386634157487408,0.046226232835465154,-0.056725944591410254,0.041417757618012606,-0.024710969029007282,-0.01435812701651616,0.016731707442157368,-4.9941290754417596e-36,-0.06971353526253131,-0.1732295739280287,-0.15048999598596724,-0.1303947729292168,-0.23585330095458096,-0.2144137131296989,-0.19924092968521384,-0.24458868383442295,-0.24856099653383515,-0.24466401773559815,-0.25211423530829724,-0.2532287929125042,-0.26789222089004844,1.9404044399733975,0.3667733221159805,0.2826459400809112,-9.923072405566944e-9,0.09301874296841013,-9.852711537309619e-9,0.17330734041512316,0.25039943882818416,0.2400000096778719,0.2400000099142184,1.0,1.0,1.0,0.587475777823278,1.0,1.0,1.0,1.0,0.9999999994851098,1.0,1.0,1.0,0.9999999977528006,1.0,1.0,1.0,1.0,1.0,1.0,1.0],"nrestarts":0,"time":0.5691969394683838},"fpump":{"rounds":1.0,"obj":8082.581681737027,"gap":3.4721145627946695e-5,"time":0.6506929397583008},"solution":{"best_bound":8082.3010452414055,"status":"Optimal","objval":8082.581681737027,"solution":[8082.581681737027,1.0600000099965208,1.0397485763421064,1.0163958276333285,1.015439317122781,1.0202610896088848,1.0162486913708315,1.0190122810191566,1.0588403144044343,0.9972827843106047,0.9928729955659055,1.0008559997425173,1.0002008586232927,0.995017564377322,0.9772360240212276,0.5553673765564218,-0.5419448369808171,0.32004026436497524,-0.3200402643649753,-0.020580714520733324,0.020703723748114144,0.2348025839065442,-0.2348025839065442,0.4135344207961651,-0.4135344207961651,0.10480377664805376,-0.10331452077409177,-0.499352314341567,0.502609821302725,0.16910694443567403,-0.16685696150445567,-0.08523768045843103,0.08523768045843103,0.04619250297177734,-0.04568547922590822,0.07618524186577041,-0.07540352110864129,0.056242224603180575,-0.055703723748114144,0.01440352110864129,-0.014335541467321671,0.6483068178189979,-0.6278397566503436,0.06959581858417171,-0.06941928547926668,1.294082248218919,-1.2651934388057506,0.3715798691981573,-0.3643044854485465,-0.11179214669819383,0.11277100898223044,0.14935933086725015,-0.14935933086725017,0.48840272850278066,-0.47558060941445773,-0.004356945267356423,0.014606814268632539,0.20682382645151634,-0.1914406675540625,-0.03247058879992637,0.032758539833480066,-0.011775301855865094,0.022984750310751274,0.03707971067419181,0.004656536890408998,0.025862324991509558,-0.022694478219407416,0.04741389241919839,-0.03713871503086761,0.0808115940101772,-0.07638067524298527,-0.22980857676226762,0.24000000989805284,0.028337841467232873,-0.027305521780592586,0.02764565059767035,-0.02601867161401327,0.05188622797911941,-0.05075853983348007,0.010018671614013269,-0.009957166224247603,0.04535462455413925,-0.014112524922855292,0.025998353273776167,-0.02552941120007364,-0.045354634408296984,0.07535295675509952,-0.012669063818594868,-0.0018284707204689092,0.044311474715747534,-0.055023854906307824,0.03928543514528179,-0.02642001071122323,-0.01610167322749242,0.01909982919769274,-2.638364927996969e-36,-0.06980771559177926,-0.17316984304452765,-0.151336482655055,-0.13042721303262436,-0.2311132822300993,-0.19880746015003004,-0.18489133257142887,-0.23345927310885808,-0.23856328023191062,-0.23726641327310746,-0.2469445060234208,-0.2476133557651816,-0.25916493798603063,1.942389066037917,0.36715653545160915,0.288263016320989,-9.891540074615932e-9,0.08523768045843103,-9.854157732628473e-9,0.1692252744416558,0.24891828898438007,0.24000000947737596,0.24000000989805284,1.0,1.0,1.0,1.0,1.0,1.0,1.0,1.0,1.0,1.0,1.0,1.0,1.0,1.0,1.0,1.0,1.0,1.0,1.0,1.0],"nbranches":0,"time":1.2204561233520508},"info":{"sense":"Min","nintvars":0,"nbinvars":20}}