{"relaxation":{"status":"Optimal","objval":265.8578809455494,"solution":[265.8578809455494,16.994264334698332,56.77547799855346,102.00283574432392,45.89668447398482,26.512681047663644,76.92983623102266,25.190387469229293,76.63258511729595,33.25055664348504,42.86823945793654,97.33075292213081,12.323162345555073,99.33539233989376,56.43237239670091,71.3196233673526,87.0024206466064,57.9000349717983,24.921301923738312,51.509267207417935,43.66123304019015,24.340274629590468,42.481257031864004,93.15420058523266,80.84641686556697,0.0,0.0,1.0,5.5069042170265635e-8,0.0,0.0,0.0,0.0,0.0,1.0,0.0,0.0,0.0,0.0,1.0,1.0,0.0,0.0,0.0,0.0,5.947100743495046e-8,1.0,0.0,0.0,0.0,1.0,0.0,5.024809131418307e-8,0.0,0.0,0.0,0.0,0.0,6.031789520662841e-8,0.0,0.0,0.0,0.0,0.0,0.0,0.0,0.0,1.0,1.0,0.0,5.939704066924398e-8,0.0,1.0,0.0,0.0,0.0,0.0,0.0,0.0,0.0,1.0,0.0,0.0,0.0,1.0,1.0,4.97997617020505e-8,0.0,0.0,0.0,0.0],"nrestarts":0,"time":0.5767009258270264},"solution":{"best_bound":0.0,"status":"Optimal","objval":265.8578809455494,"solution":[265.8578809455494,16.994264334698332,56.77547799855346,102.00283574432392,45.89668447398482,26.512681047663644,76.92983623102266,25.190387469229293,76.63258511729595,33.25055664348504,42.86823945793654,97.33075292213081,12.323162345555073,99.33539233989376,56.43237239670091,71.3196233673526,87.0024206466064,57.9000349717983,24.921301923738312,51.509267207417935,43.66123304019015,24.340274629590468,42.481257031864004,93.15420058523266,80.84641686556697,0.0,0.0,1.0,5.5069042170265635e-8,0.0,0.0,0.0,0.0,0.0,1.0,0.0,0.0,0.0,0.0,1.0,1.0,0.0,0.0,0.0,0.0,5.947100743495046e-8,1.0,0.0,0.0,0.0,1.0,0.0,5.024809131418307e-8,0.0,0.0,0.0,0.0,0.0,6.031789520662841e-8,0.0,0.0,0.0,0.0,0.0,0.0,0.0,0.0,1.0,1.0,0.0,5.939704066924398e-8,0.0,1.0,0.0,0.0,0.0,0.0,0.0,0.0,0.0,1.0,0.0,0.0,0.0,1.0,1.0,4.97997617020505e-8,0.0,0.0,0.0,0.0],"nbranches":0,"time":0.5820999145507812},"info":{"sense":"Min","nintvars":0,"nbinvars":66}}