{"relaxation":{"status":"Optimal","objval":191.2552071564811,"solution":[191.2552071564811,68.31466898726863,72.68920468591826,108.50693136629155,46.47247922339265,54.88436652511526,62.22445776945761,96.23371969758587,113.16279507506124,83.06017202821,84.17874180582922,0.0,1.0,0.0,1.0,1.0,1.0,0.0,0.0,0.0,1.0],"nrestarts":0,"time":0.4936189651489258},"solution":{"best_bound":0.0,"status":"Optimal","objval":191.2552071564811,"solution":[191.2552071564811,68.31466898726863,72.68920468591826,108.50693136629155,46.47247922339265,54.88436652511526,62.22445776945761,96.23371969758587,113.16279507506124,83.06017202821,84.17874180582922,0.0,1.0,0.0,1.0,1.0,1.0,0.0,0.0,0.0,1.0],"nbranches":0,"time":0.4981539249420166},"info":{"sense":"Min","nintvars":0,"nbinvars":10}}